"Date","Fuel_Price","CPI"
"05/02/2010",2.545,209.8529663
"05/02/2010",2.572,203.0642742
"05/02/2010",2.572,209.8529663
"05/02/2010",2.572,210.7526053
"05/02/2010",2.572,211.0963582
"05/02/2010",2.572,211.6539716
"05/02/2010",2.572,212.6223518
"05/02/2010",2.572,214.4248812
"05/02/2010",2.572,214.4714512
"05/02/2010",2.572,214.6554591
"05/02/2010",2.58,189.3816974
"05/02/2010",2.598,126.4420645
"05/02/2010",2.666,126.4420645
"05/02/2010",2.784,135.3524608
"05/02/2010",2.784,181.8711898
"05/02/2010",2.784,204.2471935
"05/02/2010",2.788,131.5279032
"05/02/2010",2.788,135.3524608
"05/02/2010",2.954,131.5279032
"05/02/2010",2.954,135.3524608
"05/02/2010",2.962,126.4420645
"12/02/2010",2.539,209.9970208
"12/02/2010",2.548,203.2010968
"12/02/2010",2.548,209.9970208
"12/02/2010",2.548,210.8979935
"12/02/2010",2.548,211.2421698
"12/02/2010",2.548,211.8004698
"12/02/2010",2.548,212.7700425
"12/02/2010",2.548,214.5747916
"12/02/2010",2.548,214.6214189
"12/02/2010",2.548,214.8056534
"12/02/2010",2.572,189.4642725
"12/02/2010",2.573,126.4962581
"12/02/2010",2.671,126.4962581
"12/02/2010",2.771,131.5866129
"12/02/2010",2.771,135.4113076
"12/02/2010",2.773,135.4113076
"12/02/2010",2.773,181.982317
"12/02/2010",2.773,204.3857472
"12/02/2010",2.828,126.4962581
"12/02/2010",2.94,131.5866129
"12/02/2010",2.94,135.4113076
"12/02/2010",2.946,126.4962581
"19/02/2010",2.472,210.0451024
"19/02/2010",2.514,203.2479796
"19/02/2010",2.514,210.0451024
"19/02/2010",2.514,210.9451605
"19/02/2010",2.514,211.2891429
"19/02/2010",2.514,211.8471283
"19/02/2010",2.514,212.8161546
"19/02/2010",2.514,214.6198868
"19/02/2010",2.514,214.6664878
"19/02/2010",2.514,214.8506185
"19/02/2010",2.54,126.5262857
"19/02/2010",2.55,189.5340998
"19/02/2010",2.654,126.5262857
"19/02/2010",2.745,135.4657781
"19/02/2010",2.745,182.0347816
"19/02/2010",2.745,204.4321004
"19/02/2010",2.747,131.637
"19/02/2010",2.747,135.4657781
"19/02/2010",2.909,131.637
"19/02/2010",2.909,135.4657781
"19/02/2010",2.915,126.5262857
"26/02/2010",2.52,210.0771885
"26/02/2010",2.561,203.2798724
"26/02/2010",2.561,210.0771885
"26/02/2010",2.561,210.9759573
"26/02/2010",2.561,211.3196429
"26/02/2010",2.561,211.8771468
"26/02/2010",2.561,212.845337
"26/02/2010",2.561,214.6475127
"26/02/2010",2.561,214.6940735
"26/02/2010",2.561,214.8780453
"26/02/2010",2.586,189.6018023
"26/02/2010",2.59,126.5522857
"26/02/2010",2.667,126.5522857
"26/02/2010",2.753,131.686
"26/02/2010",2.753,135.5195191
"26/02/2010",2.754,135.5195191
"26/02/2010",2.754,182.0774691
"26/02/2010",2.754,204.4630869
"26/02/2010",2.825,126.5522857
"26/02/2010",2.91,131.686
"26/02/2010",2.91,135.5195191
"05/03/2010",2.574,210.1092746
"05/03/2010",2.62,189.6695049
"05/03/2010",2.625,203.3117653
"05/03/2010",2.625,210.1092746
"05/03/2010",2.625,211.0067542
"05/03/2010",2.625,211.3501429
"05/03/2010",2.625,211.9071653
"05/03/2010",2.625,212.8745193
"05/03/2010",2.625,214.6751386
"05/03/2010",2.625,214.7216592
"05/03/2010",2.625,214.9054721
"05/03/2010",2.654,126.5782857
"05/03/2010",2.681,126.5782857
"05/03/2010",2.766,131.735
"05/03/2010",2.766,135.5732602
"05/03/2010",2.777,135.5732602
"05/03/2010",2.777,182.1201566
"05/03/2010",2.777,204.4940734
"05/03/2010",2.877,126.5782857
"05/03/2010",2.919,131.735
"05/03/2010",2.919,135.5732602
"05/03/2010",2.987,126.5782857
"12/03/2010",2.619,210.1413607
"12/03/2010",2.667,203.3436582
"12/03/2010",2.667,210.1413607
"12/03/2010",2.667,211.037551
"12/03/2010",2.667,211.3806429
"12/03/2010",2.667,211.9371839
"12/03/2010",2.667,212.9037017
"12/03/2010",2.667,214.7027646
"12/03/2010",2.667,214.7492449
"12/03/2010",2.667,214.932899
"12/03/2010",2.684,189.7372075
"12/03/2010",2.704,126.6042857
"12/03/2010",2.733,126.6042857
"12/03/2010",2.805,131.784
"12/03/2010",2.805,135.6270013
"12/03/2010",2.818,135.6270013
"12/03/2010",2.818,182.1628441
"12/03/2010",2.818,204.5250598
"12/03/2010",2.925,126.6042857
"12/03/2010",2.938,131.784
"12/03/2010",2.938,135.6270013
"12/03/2010",3.034,126.6042857
"19/03/2010",2.692,189.734262
"19/03/2010",2.701,209.9803208
"19/03/2010",2.72,203.195159
"19/03/2010",2.72,209.9803208
"19/03/2010",2.72,210.8733316
"19/03/2010",2.72,211.215635
"19/03/2010",2.72,211.770897
"19/03/2010",2.72,212.7351935
"19/03/2010",2.72,214.5301219
"19/03/2010",2.72,214.5764954
"19/03/2010",2.72,214.7597274
"19/03/2010",2.743,126.6066452
"19/03/2010",2.782,126.6066452
"19/03/2010",2.834,131.8242903
"19/03/2010",2.834,135.6682247
"19/03/2010",2.844,135.6682247
"19/03/2010",2.844,182.0779857
"19/03/2010",2.844,204.3782258
"19/03/2010",2.96,131.8242903
"19/03/2010",2.96,135.6682247
"19/03/2010",3.054,126.6066452
"26/03/2010",2.711,209.7870932
"26/03/2010",2.717,189.7195417
"26/03/2010",2.732,203.0165945
"26/03/2010",2.732,209.7870932
"26/03/2010",2.732,210.6766095
"26/03/2010",2.732,211.0180424
"26/03/2010",2.732,211.5718925
"26/03/2010",2.732,212.533737
"26/03/2010",2.732,214.3241011
"26/03/2010",2.732,214.3703567
"26/03/2010",2.732,214.5531227
"26/03/2010",2.752,126.6050645
"26/03/2010",2.819,126.6050645
"26/03/2010",2.831,131.863129
"26/03/2010",2.831,135.7073618
"26/03/2010",2.854,135.7073618
"26/03/2010",2.854,181.9718697
"26/03/2010",2.854,204.201755
"26/03/2010",2.963,131.863129
"26/03/2010",2.963,135.7073618
"26/03/2010",2.98,126.6050645
"26/03/2010",3.083,126.6050645
"02/04/2010",2.708,209.5938656
"02/04/2010",2.719,202.83803
"02/04/2010",2.719,209.5938656
"02/04/2010",2.719,210.4798874
"02/04/2010",2.719,210.8204499
"02/04/2010",2.719,211.372888
"02/04/2010",2.719,212.3322805
"02/04/2010",2.719,214.1180803
"02/04/2010",2.719,214.164218
"02/04/2010",2.719,214.3465181
"02/04/2010",2.725,189.7048215
"02/04/2010",2.74,126.6034839
"02/04/2010",2.826,131.9019677
"02/04/2010",2.826,135.7464988
"02/04/2010",2.842,126.6034839
"02/04/2010",2.85,135.7464988
"02/04/2010",2.85,181.8657537
"02/04/2010",2.85,204.0252842
"02/04/2010",2.957,131.9019677
"02/04/2010",2.957,135.7464988
"02/04/2010",3.086,126.6034839
"09/04/2010",2.743,209.400638
"09/04/2010",2.75,189.6901012
"09/04/2010",2.77,202.6594654
"09/04/2010",2.77,209.400638
"09/04/2010",2.77,210.2831653
"09/04/2010",2.77,210.6228574
"09/04/2010",2.77,211.1738835
"09/04/2010",2.77,212.1308239
"09/04/2010",2.77,213.9120595
"09/04/2010",2.77,213.9580793
"09/04/2010",2.77,214.1399135
"09/04/2010",2.773,126.6019032
"09/04/2010",2.849,131.9408065
"09/04/2010",2.849,135.7856359
"09/04/2010",2.869,135.7856359
"09/04/2010",2.869,181.7596377
"09/04/2010",2.869,203.8488134
"09/04/2010",2.877,126.6019032
"09/04/2010",2.992,131.9408065
"09/04/2010",2.992,135.7856359
"09/04/2010",3.004,126.6019032
"09/04/2010",3.09,126.6019032
"16/04/2010",2.765,189.6628845
"16/04/2010",2.769,209.2691428
"16/04/2010",2.808,202.5351571
"16/04/2010",2.808,209.2691428
"16/04/2010",2.808,210.1495463
"16/04/2010",2.808,210.4887
"16/04/2010",2.808,211.0388528
"16/04/2010",2.808,211.9942765
"16/04/2010",2.808,213.7726889
"16/04/2010",2.808,213.8186357
"16/04/2010",2.808,214.0001817
"16/04/2010",2.81,126.5621
"16/04/2010",2.885,131.9809
"16/04/2010",2.885,135.82725
"16/04/2010",2.899,135.82725
"16/04/2010",2.899,181.6924769
"16/04/2010",2.899,203.7307486
"16/04/2010",2.915,126.5621
"16/04/2010",3.01,131.9809
"16/04/2010",3.01,135.82725
"16/04/2010",3.109,126.5621
"23/04/2010",2.762,209.2199574
"23/04/2010",2.776,189.6190057
"23/04/2010",2.795,202.4831905
"23/04/2010",2.795,209.2199574
"23/04/2010",2.795,210.1000648
"23/04/2010",2.795,210.4391228
"23/04/2010",2.795,210.9891204
"23/04/2010",2.795,211.9442745
"23/04/2010",2.795,213.7221852
"23/04/2010",2.795,213.768119
"23/04/2010",2.795,213.9496138
"23/04/2010",2.805,126.4713333
"23/04/2010",2.895,132.0226667
"23/04/2010",2.895,135.8721667
"23/04/2010",2.902,135.8721667
"23/04/2010",2.902,181.6772564
"23/04/2010",2.902,203.6905586
"23/04/2010",2.936,126.4713333
"23/04/2010",3.021,132.0226667
"23/04/2010",3.021,135.8721667
"23/04/2010",3.05,126.4713333
"30/04/2010",2.725,209.170772
"30/04/2010",2.766,189.575127
"30/04/2010",2.78,202.4312238
"30/04/2010",2.78,209.170772
"30/04/2010",2.78,210.0505833
"30/04/2010",2.78,210.3895456
"30/04/2010",2.78,210.939388
"30/04/2010",2.78,211.8942725
"30/04/2010",2.78,213.6716815
"30/04/2010",2.78,213.7176024
"30/04/2010",2.78,213.8990459
"30/04/2010",2.787,126.3805667
"30/04/2010",2.921,135.9170833
"30/04/2010",2.921,181.6620359
"30/04/2010",2.921,203.6503685
"30/04/2010",2.935,132.0644333
"30/04/2010",2.935,135.9170833
"30/04/2010",2.941,126.3805667
"30/04/2010",3.042,132.0644333
"30/04/2010",3.042,135.9170833
"30/04/2010",3.105,126.3805667
"07/05/2010",2.771,189.5312483
"07/05/2010",2.786,209.1215867
"07/05/2010",2.835,202.3792571
"07/05/2010",2.835,209.1215867
"07/05/2010",2.835,210.0011018
"07/05/2010",2.835,210.3399684
"07/05/2010",2.835,210.8896556
"07/05/2010",2.835,211.8442706
"07/05/2010",2.835,213.6211778
"07/05/2010",2.835,213.6670857
"07/05/2010",2.835,213.848478
"07/05/2010",2.836,126.2898
"07/05/2010",2.948,126.2898
"07/05/2010",2.966,135.962
"07/05/2010",2.966,181.6468154
"07/05/2010",2.966,203.6101784
"07/05/2010",2.981,132.1062
"07/05/2010",2.981,135.962
"07/05/2010",3.095,132.1062
"07/05/2010",3.095,135.962
"07/05/2010",3.127,126.2898
"14/05/2010",2.788,189.4904116
"14/05/2010",2.805,209.118536
"14/05/2010",2.845,126.2085484
"14/05/2010",2.854,202.3705092
"14/05/2010",2.854,209.118536
"14/05/2010",2.854,209.9984585
"14/05/2010",2.854,210.3374261
"14/05/2010",2.854,210.8872772
"14/05/2010",2.854,211.8421769
"14/05/2010",2.854,213.6196139
"14/05/2010",2.854,213.6655355
"14/05/2010",2.854,213.8469819
"14/05/2010",2.962,126.2085484
"14/05/2010",2.982,136.010394
"14/05/2010",2.982,181.6612792
"14/05/2010",2.982,203.6133915
"14/05/2010",2.983,132.152129
"14/05/2010",2.983,136.010394
"14/05/2010",3.112,132.152129
"14/05/2010",3.112,136.010394
"14/05/2010",3.145,126.2085484
"21/05/2010",2.767,209.3922937
"21/05/2010",2.776,189.467827
"21/05/2010",2.82,126.1843871
"21/05/2010",2.826,202.6210737
"21/05/2010",2.826,209.3922937
"21/05/2010",2.826,210.2768443
"21/05/2010",2.826,210.6170934
"21/05/2010",2.826,211.169023
"21/05/2010",2.826,212.1275324
"21/05/2010",2.826,213.9116886
"21/05/2010",2.826,213.9577839
"21/05/2010",2.826,214.1399162
"21/05/2010",2.95,126.1843871
"21/05/2010",2.958,136.0796521
"21/05/2010",2.958,181.8538486
"21/05/2010",2.958,203.8770235
"21/05/2010",2.961,132.2230323
"21/05/2010",2.961,136.0796521
"21/05/2010",3.096,132.2230323
"21/05/2010",3.096,136.0796521
"21/05/2010",3.12,126.1843871
"28/05/2010",2.716,209.6660514
"28/05/2010",2.737,189.4452425
"28/05/2010",2.756,126.1602258
"28/05/2010",2.759,202.8716382
"28/05/2010",2.759,209.6660514
"28/05/2010",2.759,210.5552301
"28/05/2010",2.759,210.8967606
"28/05/2010",2.759,211.4507688
"28/05/2010",2.759,212.412888
"28/05/2010",2.759,214.2037634
"28/05/2010",2.759,214.2500323
"28/05/2010",2.759,214.4328505
"28/05/2010",2.899,136.1489101
"28/05/2010",2.899,182.0464181
"28/05/2010",2.899,204.1406556
"28/05/2010",2.906,132.2939355
"28/05/2010",2.906,136.1489101
"28/05/2010",2.908,126.1602258
"28/05/2010",3.046,132.2939355
"28/05/2010",3.046,136.1489101
"28/05/2010",3.058,126.1602258
"04/06/2010",2.664,209.9398091
"04/06/2010",2.7,189.422658
"04/06/2010",2.701,126.1360645
"04/06/2010",2.705,203.1222028
"04/06/2010",2.705,209.9398091
"04/06/2010",2.705,210.833616
"04/06/2010",2.705,211.1764278
"04/06/2010",2.705,211.7325146
"04/06/2010",2.705,212.6982436
"04/06/2010",2.705,214.4958382
"04/06/2010",2.705,214.5422806
"04/06/2010",2.705,214.7257848
"04/06/2010",2.847,136.2181682
"04/06/2010",2.847,182.2389876
"04/06/2010",2.847,204.4042877
"04/06/2010",2.857,132.3648387
"04/06/2010",2.857,136.2181682
"04/06/2010",2.871,126.1360645
"04/06/2010",2.941,126.1360645
"04/06/2010",3.006,132.3648387
"04/06/2010",3.006,136.2181682
"11/06/2010",2.615,210.2135668
"11/06/2010",2.668,126.1119032
"11/06/2010",2.668,203.3727673
"11/06/2010",2.668,210.2135668
"11/06/2010",2.668,211.1120018
"11/06/2010",2.668,211.4560951
"11/06/2010",2.668,212.0142605
"11/06/2010",2.668,212.9835992
"11/06/2010",2.668,214.787913
"11/06/2010",2.668,214.834529
"11/06/2010",2.668,215.0187191
"11/06/2010",2.684,189.4000734
"11/06/2010",2.809,136.2874263
"11/06/2010",2.809,182.4315571
"11/06/2010",2.809,204.6679198
"11/06/2010",2.83,132.4357419
"11/06/2010",2.83,136.2874263
"11/06/2010",2.841,126.1119032
"11/06/2010",2.949,126.1119032
"11/06/2010",2.972,132.4357419
"11/06/2010",2.972,136.2874263
"11/06/2010",3.057,126.1119032
"18/06/2010",2.572,210.2108417
"18/06/2010",2.635,126.114
"18/06/2010",2.637,203.370619
"18/06/2010",2.637,210.2108417
"18/06/2010",2.637,211.1096543
"18/06/2010",2.637,211.4537719
"18/06/2010",2.637,212.0119769
"18/06/2010",2.637,212.9813843
"18/06/2010",2.637,214.7858259
"18/06/2010",2.637,214.8324452
"18/06/2010",2.637,215.0166484
"18/06/2010",2.674,189.4185259
"18/06/2010",2.78,136.3243393
"18/06/2010",2.78,182.4424199
"18/06/2010",2.78,204.670036
"18/06/2010",2.805,132.4733333
"18/06/2010",2.805,136.3243393
"18/06/2010",2.819,126.114
"18/06/2010",2.935,126.114
"18/06/2010",2.942,132.4733333
"18/06/2010",2.942,136.3243393
"18/06/2010",3.043,126.114
"25/06/2010",2.601,210.0975233
"25/06/2010",2.653,203.2673857
"25/06/2010",2.653,210.0975233
"25/06/2010",2.653,210.9950134
"25/06/2010",2.653,211.3386526
"25/06/2010",2.653,211.8960815
"25/06/2010",2.653,212.8641412
"25/06/2010",2.653,214.6660741
"25/06/2010",2.653,214.7126286
"25/06/2010",2.653,214.8965756
"25/06/2010",2.654,126.1266
"25/06/2010",2.715,189.4533931
"25/06/2010",2.808,136.3483143
"25/06/2010",2.808,182.3806
"25/06/2010",2.808,204.5675459
"25/06/2010",2.81,132.4976
"25/06/2010",2.81,136.3483143
"25/06/2010",2.82,126.1266
"25/06/2010",2.958,132.4976
"25/06/2010",2.958,136.3483143
"25/06/2010",3.084,126.1266
"02/07/2010",2.606,209.984205
"02/07/2010",2.668,126.1392
"02/07/2010",2.669,203.1641524
"02/07/2010",2.669,209.984205
"02/07/2010",2.669,210.8803726
"02/07/2010",2.669,211.2235333
"02/07/2010",2.669,211.7801861
"02/07/2010",2.669,212.746898
"02/07/2010",2.669,214.5463222
"02/07/2010",2.669,214.5928119
"02/07/2010",2.669,214.7765028
"02/07/2010",2.728,189.4882603
"02/07/2010",2.814,126.1392
"02/07/2010",2.815,132.5218667
"02/07/2010",2.815,136.3722893
"02/07/2010",2.815,182.3187801
"02/07/2010",2.815,204.4650559
"02/07/2010",2.958,132.5218667
"02/07/2010",2.958,136.3722893
"02/07/2010",2.978,126.1392
"02/07/2010",3.105,126.1392
"09/07/2010",2.596,209.8708867
"09/07/2010",2.637,126.1518
"09/07/2010",2.642,203.060919
"09/07/2010",2.642,209.8708867
"09/07/2010",2.642,210.7657317
"09/07/2010",2.642,211.108414
"09/07/2010",2.642,211.6642907
"09/07/2010",2.642,212.6296549
"09/07/2010",2.642,214.4265704
"09/07/2010",2.642,214.4729952
"09/07/2010",2.642,214.6564301
"09/07/2010",2.711,189.5231276
"09/07/2010",2.793,136.3962643
"09/07/2010",2.793,182.2569603
"09/07/2010",2.793,204.3625658
"09/07/2010",2.802,126.1518
"09/07/2010",2.806,132.5461333
"09/07/2010",2.806,136.3962643
"09/07/2010",2.94,132.5461333
"09/07/2010",2.94,136.3962643
"09/07/2010",3.1,126.1518
"16/07/2010",2.561,209.8630532
"16/07/2010",2.621,126.1498065
"16/07/2010",2.623,203.0538548
"16/07/2010",2.623,209.8630532
"16/07/2010",2.623,210.7577954
"16/07/2010",2.623,211.1003854
"16/07/2010",2.623,211.6561123
"16/07/2010",2.623,212.6212163
"16/07/2010",2.623,214.4176476
"16/07/2010",2.623,214.4640599
"16/07/2010",2.623,214.6474453
"16/07/2010",2.699,189.6125456
"16/07/2010",2.783,136.4179827
"16/07/2010",2.783,182.2604411
"16/07/2010",2.783,204.3571656
"16/07/2010",2.791,126.1498065
"16/07/2010",2.796,132.5667742
"16/07/2010",2.796,136.4179827
"16/07/2010",2.933,132.5667742
"16/07/2010",2.933,136.4179827
"16/07/2010",2.971,126.1498065
"16/07/2010",3.094,126.1498065
"23/07/2010",2.542,209.9958663
"23/07/2010",2.608,203.1750161
"23/07/2010",2.608,209.9958663
"23/07/2010",2.608,210.8921319
"23/07/2010",2.608,211.2351443
"23/07/2010",2.608,211.7915565
"23/07/2010",2.608,212.7578505
"23/07/2010",2.608,214.5564968
"23/07/2010",2.608,214.6029664
"23/07/2010",2.608,214.7865779
"23/07/2010",2.612,126.1283548
"23/07/2010",2.691,189.774698
"23/07/2010",2.771,136.4366924
"23/07/2010",2.771,182.3509895
"23/07/2010",2.771,204.4812188
"23/07/2010",2.784,132.5825806
"23/07/2010",2.784,136.4366924
"23/07/2010",2.797,126.1283548
"23/07/2010",2.924,132.5825806
"23/07/2010",2.924,136.4366924
"23/07/2010",3.112,126.1283548
"30/07/2010",2.602,210.1286794
"30/07/2010",2.64,203.2961774
"30/07/2010",2.64,210.1286794
"30/07/2010",2.64,211.0264684
"30/07/2010",2.64,211.3699032
"30/07/2010",2.64,211.9270006
"30/07/2010",2.64,212.8944846
"30/07/2010",2.64,214.695346
"30/07/2010",2.64,214.7418728
"30/07/2010",2.64,214.9257105
"30/07/2010",2.65,126.1069032
"30/07/2010",2.69,189.9368504
"30/07/2010",2.781,136.4554021
"30/07/2010",2.781,182.4415378
"30/07/2010",2.781,204.605272
"30/07/2010",2.792,132.5983871
"30/07/2010",2.792,136.4554021
"30/07/2010",2.797,126.1069032
"30/07/2010",2.932,132.5983871
"30/07/2010",2.932,136.4554021
"30/07/2010",3.017,126.1069032
"06/08/2010",2.573,210.2614925
"06/08/2010",2.627,203.4173387
"06/08/2010",2.627,210.2614925
"06/08/2010",2.627,211.1608049
"06/08/2010",2.627,211.5046621
"06/08/2010",2.627,212.0624447
"06/08/2010",2.627,213.0311188
"06/08/2010",2.627,214.8341952
"06/08/2010",2.627,214.8807793
"06/08/2010",2.627,215.064843
"06/08/2010",2.64,126.0854516
"06/08/2010",2.69,190.0990028
"06/08/2010",2.784,136.4741118
"06/08/2010",2.784,182.5320862
"06/08/2010",2.784,204.7293252
"06/08/2010",2.792,132.6141935
"06/08/2010",2.792,136.4741118
"06/08/2010",2.802,126.0854516
"06/08/2010",2.942,132.6141935
"06/08/2010",2.942,136.4741118
"06/08/2010",3.123,126.0854516
"13/08/2010",2.644,210.3943056
"13/08/2010",2.692,203.5385
"13/08/2010",2.692,210.3943056
"13/08/2010",2.692,211.2951413
"13/08/2010",2.692,211.6394211
"13/08/2010",2.692,212.1978889
"13/08/2010",2.692,213.1677529
"13/08/2010",2.692,214.9730444
"13/08/2010",2.692,215.0196857
"13/08/2010",2.692,215.2039756
"13/08/2010",2.698,126.064
"13/08/2010",2.723,190.2611552
"13/08/2010",2.805,136.4928214
"13/08/2010",2.805,182.6226346
"13/08/2010",2.805,204.8533784
"13/08/2010",2.81,132.63
"13/08/2010",2.81,136.4928214
"13/08/2010",2.837,126.064
"13/08/2010",2.923,132.63
"13/08/2010",2.923,136.4928214
"13/08/2010",3.049,126.064
"13/08/2010",3.159,126.064
"20/08/2010",2.604,210.3617581
"20/08/2010",2.664,203.5092419
"20/08/2010",2.664,210.3617581
"20/08/2010",2.664,211.2596586
"20/08/2010",2.664,211.6033633
"20/08/2010",2.664,212.1608984
"20/08/2010",2.664,213.1291427
"20/08/2010",2.664,214.9314191
"20/08/2010",2.664,214.9779825
"20/08/2010",2.664,215.1619646
"20/08/2010",2.671,126.0766452
"20/08/2010",2.732,190.2948237
"20/08/2010",2.779,136.5249182
"20/08/2010",2.779,182.6165205
"20/08/2010",2.779,204.8217044
"20/08/2010",2.796,132.6616129
"20/08/2010",2.796,136.5249182
"20/08/2010",2.85,126.0766452
"20/08/2010",2.913,132.6616129
"20/08/2010",2.913,136.5249182
"20/08/2010",3.041,126.0766452
"27/08/2010",2.562,210.3292106
"27/08/2010",2.619,203.4799839
"27/08/2010",2.619,210.3292106
"27/08/2010",2.619,211.2241759
"27/08/2010",2.619,211.5673056
"27/08/2010",2.619,212.123908
"27/08/2010",2.619,213.0905324
"27/08/2010",2.619,214.8897938
"27/08/2010",2.619,214.9362793
"27/08/2010",2.619,215.1199536
"27/08/2010",2.621,126.0892903
"27/08/2010",2.731,190.3284922
"27/08/2010",2.755,136.557015
"27/08/2010",2.755,182.6104063
"27/08/2010",2.755,204.7900305
"27/08/2010",2.77,132.6932258
"27/08/2010",2.77,136.557015
"27/08/2010",2.854,126.0892903
"27/08/2010",2.885,132.6932258
"27/08/2010",2.885,136.557015
"27/08/2010",3.022,126.0892903
"27/08/2010",3.129,126.0892903
"03/09/2010",2.533,210.2966631
"03/09/2010",2.577,203.4507258
"03/09/2010",2.577,210.2966631
"03/09/2010",2.577,211.1886931
"03/09/2010",2.577,211.5312479
"03/09/2010",2.577,212.0869176
"03/09/2010",2.577,213.0519222
"03/09/2010",2.577,214.8481685
"03/09/2010",2.577,214.894576
"03/09/2010",2.577,215.0779426
"03/09/2010",2.584,126.1019355
"03/09/2010",2.715,136.5891118
"03/09/2010",2.715,182.6042922
"03/09/2010",2.715,204.7583566
"03/09/2010",2.735,132.7248387
"03/09/2010",2.735,136.5891118
"03/09/2010",2.773,190.3621607
"03/09/2010",2.86,132.7248387
"03/09/2010",2.86,136.5891118
"03/09/2010",2.868,126.1019355
"03/09/2010",3.087,126.1019355
"10/09/2010",2.513,210.2641156
"10/09/2010",2.565,203.4214677
"10/09/2010",2.565,210.2641156
"10/09/2010",2.565,211.1532104
"10/09/2010",2.565,211.4951902
"10/09/2010",2.565,212.0499271
"10/09/2010",2.565,213.013312
"10/09/2010",2.565,214.8065431
"10/09/2010",2.565,214.8528728
"10/09/2010",2.565,215.0359315
"10/09/2010",2.574,126.1145806
"10/09/2010",2.699,136.6212085
"10/09/2010",2.699,182.598178
"10/09/2010",2.699,204.7266827
"10/09/2010",2.717,132.7564516
"10/09/2010",2.717,136.6212085
"10/09/2010",2.78,190.3958293
"10/09/2010",2.837,132.7564516
"10/09/2010",2.837,136.6212085
"10/09/2010",2.87,126.1145806
"10/09/2010",2.961,126.1145806
"10/09/2010",3.044,126.1145806
"17/09/2010",2.55,210.2924504
"17/09/2010",2.582,203.4499286
"17/09/2010",2.582,210.2924504
"17/09/2010",2.582,211.1806415
"17/09/2010",2.582,211.5224596
"17/09/2010",2.582,212.0769346
"17/09/2010",2.582,213.0398643
"17/09/2010",2.582,214.8322484
"17/09/2010",2.582,214.8785562
"17/09/2010",2.582,215.0615285
"17/09/2010",2.594,126.1454667
"17/09/2010",2.706,136.6338071
"17/09/2010",2.706,182.622509
"17/09/2010",2.706,204.7513279
"17/09/2010",2.716,132.7670667
"17/09/2010",2.716,136.6338071
"17/09/2010",2.8,190.4688287
"17/09/2010",2.846,132.7670667
"17/09/2010",2.846,136.6338071
"17/09/2010",2.875,126.1454667
"17/09/2010",3.028,126.1454667
"24/09/2010",2.578,210.3664469
"24/09/2010",2.624,203.5216786
"24/09/2010",2.624,210.3664469
"24/09/2010",2.624,211.2552578
"24/09/2010",2.624,211.5972246
"24/09/2010",2.624,212.1519404
"24/09/2010",2.624,213.1152886
"24/09/2010",2.624,214.9084516
"24/09/2010",2.624,214.9547795
"24/09/2010",2.624,215.1378313
"24/09/2010",2.642,126.1900333
"24/09/2010",2.713,136.6317821
"24/09/2010",2.713,182.6696737
"24/09/2010",2.713,204.8182126
"24/09/2010",2.718,132.7619333
"24/09/2010",2.718,136.6317821
"24/09/2010",2.793,190.5713264
"24/09/2010",2.837,132.7619333
"24/09/2010",2.837,136.6317821
"24/09/2010",2.872,126.1900333
"24/09/2010",2.939,126.1900333
"01/10/2010",2.567,210.4404433
"01/10/2010",2.603,203.5934286
"01/10/2010",2.603,210.4404433
"01/10/2010",2.603,211.3298742
"01/10/2010",2.603,211.6719895
"01/10/2010",2.603,212.2269463
"01/10/2010",2.603,213.1907129
"01/10/2010",2.603,214.9846548
"01/10/2010",2.603,215.0310029
"01/10/2010",2.603,215.2141341
"01/10/2010",2.619,126.2346
"01/10/2010",2.707,136.6297571
"01/10/2010",2.707,182.7168385
"01/10/2010",2.707,204.8850973
"01/10/2010",2.717,132.7568
"01/10/2010",2.717,136.6297571
"01/10/2010",2.759,190.6738241
"01/10/2010",2.84,132.7568
"01/10/2010",2.84,136.6297571
"01/10/2010",2.853,126.2346
"01/10/2010",3.001,126.2346
"08/10/2010",2.595,210.5144398
"08/10/2010",2.633,203.6651786
"08/10/2010",2.633,210.5144398
"08/10/2010",2.633,211.4044906
"08/10/2010",2.633,211.7467544
"08/10/2010",2.633,212.3019522
"08/10/2010",2.633,213.2661373
"08/10/2010",2.633,215.060858
"08/10/2010",2.633,215.1072262
"08/10/2010",2.633,215.290437
"08/10/2010",2.645,126.2791667
"08/10/2010",2.745,190.7763218
"08/10/2010",2.764,136.6277321
"08/10/2010",2.764,182.7640032
"08/10/2010",2.764,204.951982
"08/10/2010",2.776,132.7516667
"08/10/2010",2.776,136.6277321
"08/10/2010",2.841,126.2791667
"08/10/2010",2.903,132.7516667
"08/10/2010",2.903,136.6277321
"08/10/2010",2.924,126.2791667
"08/10/2010",3.013,126.2791667
"15/10/2010",2.705,210.5805944
"15/10/2010",2.72,203.7299032
"15/10/2010",2.72,210.5805944
"15/10/2010",2.72,211.4713286
"15/10/2010",2.72,211.8137436
"15/10/2010",2.72,212.3691867
"15/10/2010",2.72,213.3337977
"15/10/2010",2.72,215.1293114
"15/10/2010",2.72,215.1757
"15/10/2010",2.72,215.3589917
"15/10/2010",2.732,126.3266774
"15/10/2010",2.762,190.8623087
"15/10/2010",2.845,126.3266774
"15/10/2010",2.868,136.6401935
"15/10/2010",2.868,182.8106203
"15/10/2010",2.868,205.0137637
"15/10/2010",2.878,132.7633548
"15/10/2010",2.878,136.6401935
"15/10/2010",2.976,126.3266774
"15/10/2010",2.999,132.7633548
"15/10/2010",2.999,136.6401935
"15/10/2010",3.08,126.3266774
"22/10/2010",2.698,210.6271444
"22/10/2010",2.725,203.7770645
"22/10/2010",2.725,210.6271444
"22/10/2010",2.725,211.5187208
"22/10/2010",2.725,211.8612937
"22/10/2010",2.725,212.4169928
"22/10/2010",2.725,213.3820486
"22/10/2010",2.725,215.17839
"22/10/2010",2.725,215.2248
"22/10/2010",2.725,215.4081762
"22/10/2010",2.736,126.3815484
"22/10/2010",2.762,190.9070184
"22/10/2010",2.849,126.3815484
"22/10/2010",2.917,136.688871
"22/10/2010",2.917,182.8558685
"22/10/2010",2.917,205.0627881
"22/10/2010",2.919,132.8170968
"22/10/2010",2.919,136.688871
"22/10/2010",3.014,126.3815484
"22/10/2010",3.049,132.8170968
"22/10/2010",3.049,136.688871
"29/10/2010",2.68,210.6736944
"29/10/2010",2.716,203.8242258
"29/10/2010",2.716,210.6736944
"29/10/2010",2.716,211.5661131
"29/10/2010",2.716,211.9088438
"29/10/2010",2.716,212.464799
"29/10/2010",2.716,213.4302994
"29/10/2010",2.716,215.2274686
"29/10/2010",2.716,215.2739
"29/10/2010",2.716,215.4573607
"29/10/2010",2.718,126.4364194
"29/10/2010",2.748,190.951728
"29/10/2010",2.841,126.4364194
"29/10/2010",2.921,136.7375484
"29/10/2010",2.921,182.9011166
"29/10/2010",2.921,205.1118126
"29/10/2010",2.938,132.8708387
"29/10/2010",2.938,136.7375484
"29/10/2010",3.016,126.4364194
"29/10/2010",3.055,132.8708387
"29/10/2010",3.055,136.7375484
"29/10/2010",3.13,126.4364194
"05/11/2010",2.655,210.7202444
"05/11/2010",2.689,203.8713871
"05/11/2010",2.689,210.7202444
"05/11/2010",2.689,211.6135053
"05/11/2010",2.689,211.9563939
"05/11/2010",2.689,212.5126051
"05/11/2010",2.689,213.4785503
"05/11/2010",2.689,215.2765472
"05/11/2010",2.689,215.323
"05/11/2010",2.689,215.5065452
"05/11/2010",2.699,126.4912903
"05/11/2010",2.729,190.9964377
"05/11/2010",2.831,126.4912903
"05/11/2010",2.917,136.7862258
"05/11/2010",2.917,182.9463648
"05/11/2010",2.917,205.160837
"05/11/2010",2.938,132.9245806
"05/11/2010",2.938,136.7862258
"05/11/2010",3.009,126.4912903
"05/11/2010",3.049,132.9245806
"05/11/2010",3.049,136.7862258
"05/11/2010",3.129,126.4912903
"12/11/2010",2.705,210.7667944
"12/11/2010",2.728,203.9185484
"12/11/2010",2.728,210.7667944
"12/11/2010",2.728,211.6608975
"12/11/2010",2.728,212.003944
"12/11/2010",2.728,212.5604113
"12/11/2010",2.728,213.5268011
"12/11/2010",2.728,215.3256258
"12/11/2010",2.728,215.3721
"12/11/2010",2.728,215.5557297
"12/11/2010",2.737,191.0411474
"12/11/2010",2.741,126.5461613
"12/11/2010",2.831,126.5461613
"12/11/2010",2.931,136.8349032
"12/11/2010",2.931,182.9916129
"12/11/2010",2.931,205.2098614
"12/11/2010",2.961,132.9783226
"12/11/2010",2.961,136.8349032
"12/11/2010",3.065,132.9783226
"12/11/2010",3.065,136.8349032
"12/11/2010",3.13,126.5461613
"19/11/2010",2.741,210.65429
"19/11/2010",2.758,191.0312172
"19/11/2010",2.771,203.8191286
"19/11/2010",2.771,210.65429
"19/11/2010",2.771,211.5470304
"19/11/2010",2.771,211.8896737
"19/11/2010",2.771,212.445487
"19/11/2010",2.771,213.4107412
"19/11/2010",2.771,215.2074519
"19/11/2010",2.771,215.2538714
"19/11/2010",2.771,215.4372854
"19/11/2010",2.78,126.6072
"19/11/2010",2.842,126.6072
"19/11/2010",3.0,136.7715714
"19/11/2010",3.0,182.8989385
"19/11/2010",3.0,205.0992811
"19/11/2010",3.03,132.9172
"19/11/2010",3.03,136.7715714
"19/11/2010",3.047,126.6072
"19/11/2010",3.138,132.9172
"19/11/2010",3.138,136.7715714
"19/11/2010",3.161,126.6072
"26/11/2010",2.725,210.5152765
"26/11/2010",2.735,203.6952786
"26/11/2010",2.735,210.5152765
"26/11/2010",2.735,211.4062867
"26/11/2010",2.735,211.7484333
"26/11/2010",2.735,212.303441
"26/11/2010",2.735,213.2672961
"26/11/2010",2.735,215.0614025
"26/11/2010",2.735,215.1077548
"26/11/2010",2.735,215.2909028
"26/11/2010",2.742,191.0121805
"26/11/2010",2.752,126.6692667
"26/11/2010",2.83,126.6692667
"26/11/2010",3.039,136.6895714
"26/11/2010",3.039,182.7832769
"26/11/2010",3.039,204.9621
"26/11/2010",3.07,132.8369333
"26/11/2010",3.07,136.6895714
"26/11/2010",3.162,126.6692667
"26/11/2010",3.186,132.8369333
"26/11/2010",3.186,136.6895714
"03/12/2010",2.694,210.376263
"03/12/2010",2.708,203.5714286
"03/12/2010",2.708,210.376263
"03/12/2010",2.708,211.265543
"03/12/2010",2.708,211.607193
"03/12/2010",2.708,212.1613951
"03/12/2010",2.708,213.123851
"03/12/2010",2.708,214.9153531
"03/12/2010",2.708,214.9616381
"03/12/2010",2.708,215.1445203
"03/12/2010",2.712,190.9931437
"03/12/2010",2.727,126.7313333
"03/12/2010",2.812,126.7313333
"03/12/2010",3.041,126.7313333
"03/12/2010",3.046,136.6075714
"03/12/2010",3.046,182.6676154
"03/12/2010",3.046,204.8249189
"03/12/2010",3.065,132.7566667
"03/12/2010",3.065,136.6075714
"03/12/2010",3.2,132.7566667
"03/12/2010",3.2,136.6075714
"10/12/2010",2.728,190.9741069
"10/12/2010",2.813,210.2372494
"10/12/2010",2.817,126.7934
"10/12/2010",2.843,203.4475786
"10/12/2010",2.843,210.2372494
"10/12/2010",2.843,211.1247993
"10/12/2010",2.843,211.4659526
"10/12/2010",2.843,212.0193491
"10/12/2010",2.843,212.9804059
"10/12/2010",2.843,214.7693037
"10/12/2010",2.843,214.8155214
"10/12/2010",2.843,214.9981378
"10/12/2010",2.86,126.7934
"10/12/2010",3.091,126.7934
"10/12/2010",3.109,136.5255714
"10/12/2010",3.109,182.5519538
"10/12/2010",3.109,204.6877378
"10/12/2010",3.132,132.6764
"10/12/2010",3.132,136.5255714
"10/12/2010",3.203,126.7934
"10/12/2010",3.255,132.6764
"10/12/2010",3.255,136.5255714
"17/12/2010",2.778,191.0303376
"17/12/2010",2.842,126.8794839
"17/12/2010",2.852,210.1787224
"17/12/2010",2.869,203.3996521
"17/12/2010",2.869,210.1787224
"17/12/2010",2.869,211.0645458
"17/12/2010",2.869,211.4053124
"17/12/2010",2.869,211.9580815
"17/12/2010",2.869,212.918049
"17/12/2010",2.869,214.704919
"17/12/2010",2.869,214.7510843
"17/12/2010",2.869,214.9334937
"17/12/2010",2.884,126.8794839
"17/12/2010",3.125,126.8794839
"17/12/2010",3.139,132.6804516
"17/12/2010",3.139,136.5292811
"17/12/2010",3.14,136.5292811
"17/12/2010",3.14,182.517732
"17/12/2010",3.14,204.6321194
"17/12/2010",3.236,126.8794839
"17/12/2010",3.301,132.6804516
"17/12/2010",3.301,136.5292811
"24/12/2010",2.781,191.1430189
"24/12/2010",2.846,126.9835806
"24/12/2010",2.863,210.1805602
"24/12/2010",2.886,203.4086682
"24/12/2010",2.886,210.1805602
"24/12/2010",2.886,211.0646599
"24/12/2010",2.886,211.4051222
"24/12/2010",2.886,211.9573978
"24/12/2010",2.886,212.9165082
"24/12/2010",2.886,214.7017828
"24/12/2010",2.886,214.7479069
"24/12/2010",2.886,214.9301534
"24/12/2010",2.887,126.9835806
"24/12/2010",3.141,136.597273
"24/12/2010",3.141,182.54459
"24/12/2010",3.141,204.6376731
"24/12/2010",3.15,132.7477419
"24/12/2010",3.15,136.597273
"24/12/2010",3.236,126.9835806
"24/12/2010",3.309,132.7477419
"24/12/2010",3.309,136.597273
"31/12/2010",2.829,191.2557002
"31/12/2010",2.868,127.0876774
"31/12/2010",2.943,203.4176843
"31/12/2010",2.943,210.182398
"31/12/2010",2.943,211.064774
"31/12/2010",2.943,211.4049321
"31/12/2010",2.943,211.9567142
"31/12/2010",2.943,212.9149674
"31/12/2010",2.943,214.6986466
"31/12/2010",2.943,214.7447295
"31/12/2010",2.943,214.9268131
"31/12/2010",2.949,210.182398
"31/12/2010",2.955,127.0876774
"31/12/2010",3.148,127.0876774
"31/12/2010",3.177,132.8150323
"31/12/2010",3.177,136.665265
"31/12/2010",3.179,136.665265
"31/12/2010",3.179,182.5714479
"31/12/2010",3.179,204.6432267
"31/12/2010",3.336,132.8150323
"31/12/2010",3.336,136.665265
"07/01/2011",2.882,191.3683815
"07/01/2011",2.891,127.1917742
"07/01/2011",2.942,210.1842358
"07/01/2011",2.976,203.4267005
"07/01/2011",2.976,210.1842358
"07/01/2011",2.976,211.0648881
"07/01/2011",2.976,211.4047419
"07/01/2011",2.976,211.9560305
"07/01/2011",2.976,212.9134266
"07/01/2011",2.976,214.6955104
"07/01/2011",2.976,214.7415521
"07/01/2011",2.976,214.9234729
"07/01/2011",2.98,127.1917742
"07/01/2011",3.193,132.8823226
"07/01/2011",3.193,136.7332569
"07/01/2011",3.193,182.5983058
"07/01/2011",3.193,204.6487803
"07/01/2011",3.287,127.1917742
"07/01/2011",3.351,132.8823226
"07/01/2011",3.351,136.7332569
"14/01/2011",2.903,127.3009355
"14/01/2011",2.911,191.4784939
"14/01/2011",2.971,210.2379731
"14/01/2011",2.983,203.4840645
"14/01/2011",2.983,210.2379731
"14/01/2011",2.983,211.1176713
"14/01/2011",2.983,211.4574109
"14/01/2011",2.983,212.008514
"14/01/2011",2.983,212.9655882
"14/01/2011",2.983,214.7470729
"14/01/2011",2.983,214.7930991
"14/01/2011",2.983,214.9749587
"14/01/2011",2.992,127.3009355
"14/01/2011",3.205,136.803477
"14/01/2011",3.205,182.6585782
"14/01/2011",3.205,204.7026042
"14/01/2011",3.215,132.9510645
"14/01/2011",3.215,136.803477
"14/01/2011",3.312,127.3009355
"14/01/2011",3.367,132.9510645
"14/01/2011",3.367,136.803477
"21/01/2011",2.934,127.4404839
"21/01/2011",2.973,191.5731924
"21/01/2011",2.98,210.6031072
"21/01/2011",3.016,203.8315161
"21/01/2011",3.016,210.6031072
"21/01/2011",3.016,211.4864691
"21/01/2011",3.016,211.8272343
"21/01/2011",3.016,212.3800012
"21/01/2011",3.016,213.3399647
"21/01/2011",3.016,215.1268275
"21/01/2011",3.016,215.1729926
"21/01/2011",3.016,215.3554013
"21/01/2011",3.017,127.4404839
"21/01/2011",3.223,127.4404839
"21/01/2011",3.229,136.8870657
"21/01/2011",3.229,182.9193368
"21/01/2011",3.229,205.0460497
"21/01/2011",3.232,133.0285161
"21/01/2011",3.232,136.8870657
"21/01/2011",3.336,127.4404839
"21/01/2011",3.391,133.0285161
"21/01/2011",3.391,136.8870657
"28/01/2011",2.96,127.5800323
"28/01/2011",2.995,210.9682412
"28/01/2011",3.008,191.667891
"28/01/2011",3.01,204.1789677
"28/01/2011",3.01,210.9682412
"28/01/2011",3.01,211.8552668
"28/01/2011",3.01,212.1970577
"28/01/2011",3.01,212.7514884
"28/01/2011",3.01,213.7143412
"28/01/2011",3.01,215.5065821
"28/01/2011",3.01,215.5528862
"28/01/2011",3.01,215.7358438
"28/01/2011",3.022,127.5800323
"28/01/2011",3.231,127.5800323
"28/01/2011",3.237,136.9706544
"28/01/2011",3.237,183.1800955
"28/01/2011",3.237,205.3894952
"28/01/2011",3.243,133.1059677
"28/01/2011",3.243,136.9706544
"28/01/2011",3.342,127.5800323
"28/01/2011",3.402,133.1059677
"28/01/2011",3.402,136.9706544
"04/02/2011",2.974,127.7195806
"04/02/2011",2.98,211.3333753
"04/02/2011",2.989,204.5264194
"04/02/2011",2.989,211.3333753
"04/02/2011",2.989,212.2240646
"04/02/2011",2.989,212.5668812
"04/02/2011",2.989,213.1229755
"04/02/2011",2.989,214.0887176
"04/02/2011",2.989,215.8863367
"04/02/2011",2.989,215.9327797
"04/02/2011",2.989,216.1162864
"04/02/2011",2.996,127.7195806
"04/02/2011",3.011,191.7625895
"04/02/2011",3.231,137.0542431
"04/02/2011",3.231,183.4408542
"04/02/2011",3.231,205.7329407
"04/02/2011",3.24,133.1834194
"04/02/2011",3.24,137.0542431
"04/02/2011",3.348,127.7195806
"04/02/2011",3.4,133.1834194
"04/02/2011",3.4,137.0542431
"11/02/2011",3.009,211.6985093
"11/02/2011",3.022,204.873871
"11/02/2011",3.022,211.6985093
"11/02/2011",3.022,212.5928624
"11/02/2011",3.022,212.9367046
"11/02/2011",3.022,213.4944627
"11/02/2011",3.022,214.4630941
"11/02/2011",3.022,216.2660913
"11/02/2011",3.022,216.3126733
"11/02/2011",3.022,216.496729
"11/02/2011",3.033,127.859129
"11/02/2011",3.034,127.859129
"11/02/2011",3.037,191.8572881
"11/02/2011",3.239,137.1378318
"11/02/2011",3.239,183.7016129
"11/02/2011",3.239,206.0763862
"11/02/2011",3.255,133.260871
"11/02/2011",3.255,137.1378318
"11/02/2011",3.381,127.859129
"11/02/2011",3.416,133.260871
"11/02/2011",3.416,137.1378318
"18/02/2011",3.017,212.0063522
"18/02/2011",3.045,205.1683214
"18/02/2011",3.045,212.0063522
"18/02/2011",3.045,212.9033115
"18/02/2011",3.045,213.2478853
"18/02/2011",3.045,213.8068304
"18/02/2011",3.045,214.7775231
"18/02/2011",3.045,216.5843571
"18/02/2011",3.045,216.6310383
"18/02/2011",3.045,216.8154856
"18/02/2011",3.051,191.9178331
"18/02/2011",3.058,127.99525
"18/02/2011",3.062,127.99525
"18/02/2011",3.245,137.2511849
"18/02/2011",3.245,183.9371353
"18/02/2011",3.245,206.3694701
"18/02/2011",3.263,133.3701429
"18/02/2011",3.263,137.2511849
"18/02/2011",3.42,133.3701429
"18/02/2011",3.42,137.2511849
"18/02/2011",3.43,127.99525
"25/02/2011",3.053,212.2912786
"25/02/2011",3.065,205.4415714
"25/02/2011",3.065,212.2912786
"25/02/2011",3.065,213.190421
"25/02/2011",3.065,213.535609
"25/02/2011",3.065,214.0955503
"25/02/2011",3.065,215.0679731
"25/02/2011",3.065,216.8780275
"25/02/2011",3.065,216.9247918
"25/02/2011",3.065,217.1095679
"25/02/2011",3.087,128.13
"25/02/2011",3.101,191.9647167
"25/02/2011",3.12,128.13
"25/02/2011",3.274,137.3764439
"25/02/2011",3.274,184.1625632
"25/02/2011",3.274,206.6424093
"25/02/2011",3.281,133.4921429
"25/02/2011",3.281,137.3764439
"25/02/2011",3.398,128.13
"25/02/2011",3.452,133.4921429
"25/02/2011",3.452,137.3764439
"25/02/2011",3.53,128.13
"04/03/2011",3.23,128.26475
"04/03/2011",3.232,192.0116004
"04/03/2011",3.282,212.576205
"04/03/2011",3.288,205.7148214
"04/03/2011",3.288,212.576205
"04/03/2011",3.288,213.4775305
"04/03/2011",3.288,213.8233327
"04/03/2011",3.288,214.3842702
"04/03/2011",3.288,215.3584231
"04/03/2011",3.288,217.1716979
"04/03/2011",3.288,217.2185454
"04/03/2011",3.288,217.4036503
"04/03/2011",3.305,128.26475
"04/03/2011",3.433,137.5017028
"04/03/2011",3.433,184.3879911
"04/03/2011",3.433,206.9153485
"04/03/2011",3.437,133.6141429
"04/03/2011",3.437,137.5017028
"04/03/2011",3.605,133.6141429
"04/03/2011",3.605,137.5017028
"04/03/2011",3.674,128.26475
"11/03/2011",3.346,128.3995
"11/03/2011",3.372,192.058484
"11/03/2011",3.448,212.8611313
"11/03/2011",3.459,205.9880714
"11/03/2011",3.459,212.8611313
"11/03/2011",3.459,213.7646401
"11/03/2011",3.459,214.1110564
"11/03/2011",3.459,214.6729901
"11/03/2011",3.459,215.6488731
"11/03/2011",3.459,217.4653683
"11/03/2011",3.459,217.512299
"11/03/2011",3.459,217.6977326
"11/03/2011",3.461,128.3995
"11/03/2011",3.582,137.6269617
"11/03/2011",3.582,184.613419
"11/03/2011",3.582,207.1882876
"11/03/2011",3.6,133.7361429
"11/03/2011",3.6,137.6269617
"11/03/2011",3.63,128.3995
"11/03/2011",3.752,133.7361429
"11/03/2011",3.752,137.6269617
"11/03/2011",3.818,128.3995
"18/03/2011",3.406,192.1237981
"18/03/2011",3.407,128.5121935
"18/03/2011",3.487,213.1096787
"18/03/2011",3.488,206.225924
"18/03/2011",3.488,213.1096787
"18/03/2011",3.488,214.0156238
"18/03/2011",3.488,214.3627114
"18/03/2011",3.488,214.9257339
"18/03/2011",3.488,215.9035078
"18/03/2011",3.488,217.7235226
"18/03/2011",3.488,217.7705442
"18/03/2011",3.488,217.9563371
"18/03/2011",3.495,128.5121935
"18/03/2011",3.631,137.7398929
"18/03/2011",3.631,184.809719
"18/03/2011",3.631,207.4283845
"18/03/2011",3.634,133.8492258
"18/03/2011",3.634,137.7398929
"18/03/2011",3.692,128.5121935
"18/03/2011",3.796,133.8492258
"18/03/2011",3.796,137.7398929
"18/03/2011",3.892,128.5121935
"25/03/2011",3.414,192.1964844
"25/03/2011",3.435,128.6160645
"25/03/2011",3.473,206.4496175
"25/03/2011",3.473,213.3436744
"25/03/2011",3.473,214.2521573
"25/03/2011",3.473,214.5999389
"25/03/2011",3.473,215.1640872
"25/03/2011",3.473,216.1438163
"25/03/2011",3.473,217.9674705
"25/03/2011",3.473,218.0145862
"25/03/2011",3.473,218.2007506
"25/03/2011",3.48,128.6160645
"25/03/2011",3.488,213.3436744
"25/03/2011",3.624,133.9587419
"25/03/2011",3.624,137.8478929
"25/03/2011",3.625,137.8478929
"25/03/2011",3.625,184.9943679
"25/03/2011",3.625,207.6553444
"25/03/2011",3.716,128.6160645
"25/03/2011",3.789,133.9587419
"25/03/2011",3.789,137.8478929
"25/03/2011",3.909,128.6160645
"01/04/2011",3.461,192.2691707
"01/04/2011",3.487,128.7199355
"01/04/2011",3.521,128.7199355
"01/04/2011",3.524,206.6733111
"01/04/2011",3.524,213.5776701
"01/04/2011",3.524,214.4886908
"01/04/2011",3.524,214.8371664
"01/04/2011",3.524,215.4024406
"01/04/2011",3.524,216.3841249
"01/04/2011",3.524,218.2114184
"01/04/2011",3.524,218.2586281
"01/04/2011",3.524,218.445164
"01/04/2011",3.529,213.5776701
"01/04/2011",3.638,134.0682581
"01/04/2011",3.638,137.9558929
"01/04/2011",3.638,185.1790167
"01/04/2011",3.638,207.8823043
"01/04/2011",3.772,128.7199355
"01/04/2011",3.811,134.0682581
"01/04/2011",3.811,137.9558929
"08/04/2011",3.532,192.3418571
"08/04/2011",3.547,128.8238065
"08/04/2011",3.605,128.8238065
"08/04/2011",3.622,206.8970046
"08/04/2011",3.622,213.8116658
"08/04/2011",3.622,214.7252242
"08/04/2011",3.622,215.0743939
"08/04/2011",3.622,215.6407939
"08/04/2011",3.622,216.6244334
"08/04/2011",3.622,218.4553663
"08/04/2011",3.622,218.50267
"08/04/2011",3.622,218.6895775
"08/04/2011",3.645,213.8116658
"08/04/2011",3.72,134.1777742
"08/04/2011",3.72,138.0638929
"08/04/2011",3.72,185.3636656
"08/04/2011",3.72,208.1092642
"08/04/2011",3.818,128.8238065
"08/04/2011",3.895,134.1777742
"08/04/2011",3.895,138.0638929
"08/04/2011",4.003,128.8238065
"15/04/2011",3.611,192.4225954
"15/04/2011",3.616,128.9107333
"15/04/2011",3.724,128.9107333
"15/04/2011",3.743,207.1015429
"15/04/2011",3.743,214.026217
"15/04/2011",3.743,214.9420631
"15/04/2011",3.743,215.2918561
"15/04/2011",3.743,215.8592673
"15/04/2011",3.743,216.8446627
"15/04/2011",3.743,218.6788642
"15/04/2011",3.743,218.7262524
"15/04/2011",3.743,218.9134935
"15/04/2011",3.763,214.026217
"15/04/2011",3.821,138.1646952
"15/04/2011",3.821,185.5339821
"15/04/2011",3.821,208.3172811
"15/04/2011",3.823,134.2784667
"15/04/2011",3.823,138.1646952
"15/04/2011",3.868,128.9107333
"15/04/2011",3.981,134.2784667
"15/04/2011",3.981,138.1646952
"15/04/2011",4.089,128.9107333
"22/04/2011",3.636,192.5234638
"22/04/2011",3.655,128.9553
"22/04/2011",3.781,128.9553
"22/04/2011",3.805,214.1921572
"22/04/2011",3.807,207.2581929
"22/04/2011",3.807,214.1921572
"22/04/2011",3.807,215.1096657
"22/04/2011",3.807,215.4599053
"22/04/2011",3.807,216.0280407
"22/04/2011",3.807,217.0146941
"22/04/2011",3.807,218.851237
"22/04/2011",3.807,218.8986857
"22/04/2011",3.807,219.0861659
"22/04/2011",3.892,138.2475036
"22/04/2011",3.892,185.6684673
"22/04/2011",3.892,208.4779405
"22/04/2011",3.917,128.9553
"22/04/2011",3.919,134.3571
"22/04/2011",3.919,138.2475036
"22/04/2011",4.061,134.3571
"22/04/2011",4.061,138.2475036
"22/04/2011",4.134,128.9553
"29/04/2011",3.663,192.6243322
"29/04/2011",3.683,128.9998667
"29/04/2011",3.781,128.9998667
"29/04/2011",3.81,207.4148429
"29/04/2011",3.81,214.3580974
"29/04/2011",3.81,215.2772683
"29/04/2011",3.81,215.6279544
"29/04/2011",3.81,216.1968142
"29/04/2011",3.81,217.1847255
"29/04/2011",3.81,219.0236099
"29/04/2011",3.81,219.071119
"29/04/2011",3.81,219.2588382
"29/04/2011",3.837,214.3580974
"29/04/2011",3.962,138.3303119
"29/04/2011",3.962,185.8029526
"29/04/2011",3.962,208.6386
"29/04/2011",3.988,134.4357333
"29/04/2011",3.988,138.3303119
"29/04/2011",4.117,134.4357333
"29/04/2011",4.117,138.3303119
"29/04/2011",4.151,128.9998667
"06/05/2011",3.735,192.7252006
"06/05/2011",3.744,129.0444333
"06/05/2011",3.866,129.0444333
"06/05/2011",3.906,207.5714929
"06/05/2011",3.906,214.5240376
"06/05/2011",3.906,215.4448709
"06/05/2011",3.906,215.7960035
"06/05/2011",3.906,216.3655877
"06/05/2011",3.906,217.3547569
"06/05/2011",3.906,219.1959827
"06/05/2011",3.906,219.2435524
"06/05/2011",3.906,219.4315106
"06/05/2011",3.917,214.5240376
"06/05/2011",4.046,138.4131202
"06/05/2011",4.046,185.9374378
"06/05/2011",4.046,208.7992595
"06/05/2011",4.078,134.5143667
"06/05/2011",4.078,138.4131202
"06/05/2011",4.192,134.5143667
"06/05/2011",4.192,138.4131202
"06/05/2011",4.193,129.0444333
"13/05/2011",3.767,192.826069
"13/05/2011",3.77,129.089
"13/05/2011",3.872,129.089
"13/05/2011",3.899,207.7281429
"13/05/2011",3.899,214.6899778
"13/05/2011",3.899,215.6124735
"13/05/2011",3.899,215.9640526
"13/05/2011",3.899,216.5343611
"13/05/2011",3.899,217.5247882
"13/05/2011",3.899,219.3683556
"13/05/2011",3.899,219.4159857
"13/05/2011",3.899,219.6041829
"13/05/2011",3.92,214.6899778
"13/05/2011",4.066,138.4959286
"13/05/2011",4.066,186.0719231
"13/05/2011",4.066,208.9599189
"13/05/2011",4.095,134.593
"13/05/2011",4.095,138.4959286
"13/05/2011",4.202,129.089
"13/05/2011",4.211,134.593
"13/05/2011",4.211,138.4959286
"20/05/2011",3.802,129.0756774
"20/05/2011",3.828,192.831317
"20/05/2011",3.881,129.0756774
"20/05/2011",3.907,207.5200622
"20/05/2011",3.907,214.465412
"20/05/2011",3.907,215.3834778
"20/05/2011",3.907,215.7339202
"20/05/2011",3.907,216.3023847
"20/05/2011",3.907,217.2896095
"20/05/2011",3.907,219.127216
"20/05/2011",3.907,219.1746922
"20/05/2011",3.907,219.3622809
"20/05/2011",3.925,214.465412
"20/05/2011",3.99,129.0756774
"20/05/2011",4.062,138.587106
"20/05/2011",4.062,185.9661154
"20/05/2011",4.062,208.7583165
"20/05/2011",4.101,134.6803871
"20/05/2011",4.101,138.587106
"20/05/2011",4.169,129.0756774
"20/05/2011",4.202,134.6803871
"20/05/2011",4.202,138.587106
"27/05/2011",3.771,129.0623548
"27/05/2011",3.778,129.0623548
"27/05/2011",3.786,207.3119816
"27/05/2011",3.786,214.2408462
"27/05/2011",3.786,215.1544822
"27/05/2011",3.786,215.5037878
"27/05/2011",3.786,216.0704083
"27/05/2011",3.786,217.0544307
"27/05/2011",3.786,218.8860765
"27/05/2011",3.786,218.9333986
"27/05/2011",3.786,219.1203788
"27/05/2011",3.795,192.8365651
"27/05/2011",3.933,129.0623548
"27/05/2011",3.985,138.6782834
"27/05/2011",3.985,185.8603077
"27/05/2011",3.985,208.556714
"27/05/2011",4.034,134.7677742
"27/05/2011",4.034,138.6782834
"27/05/2011",4.087,129.0623548
"27/05/2011",4.134,134.7677742
"27/05/2011",4.134,138.6782834
"03/06/2011",3.683,129.0490323
"03/06/2011",3.69,214.0162805
"03/06/2011",3.699,207.1039009
"03/06/2011",3.699,214.0162805
"03/06/2011",3.699,214.9254865
"03/06/2011",3.699,215.2736553
"03/06/2011",3.699,215.8384319
"03/06/2011",3.699,216.819252
"03/06/2011",3.699,218.6449369
"03/06/2011",3.699,218.6921051
"03/06/2011",3.699,218.8784768
"03/06/2011",3.752,129.0490323
"03/06/2011",3.763,192.8418131
"03/06/2011",3.893,129.0490323
"03/06/2011",3.922,138.7694608
"03/06/2011",3.922,185.7545
"03/06/2011",3.922,208.3551116
"03/06/2011",3.973,134.8551613
"03/06/2011",3.973,138.7694608
"03/06/2011",4.031,129.0490323
"03/06/2011",4.069,134.8551613
"03/06/2011",4.069,138.7694608
"10/06/2011",3.633,213.7917147
"10/06/2011",3.64,129.0357097
"10/06/2011",3.648,206.8958203
"10/06/2011",3.648,213.7917147
"10/06/2011",3.648,214.6964908
"10/06/2011",3.648,215.0435229
"10/06/2011",3.648,215.6064555
"10/06/2011",3.648,216.5840732
"10/06/2011",3.648,218.4037974
"10/06/2011",3.648,218.4508115
"10/06/2011",3.648,218.6365747
"10/06/2011",3.732,129.0357097
"10/06/2011",3.735,192.8470612
"10/06/2011",3.881,138.8606382
"10/06/2011",3.881,185.6486923
"10/06/2011",3.881,208.1535092
"10/06/2011",3.924,134.9425484
"10/06/2011",3.924,138.8606382
"10/06/2011",3.981,129.0357097
"10/06/2011",4.025,134.9425484
"10/06/2011",4.025,138.8606382
"17/06/2011",3.599,213.7481256
"17/06/2011",3.618,129.0432
"17/06/2011",3.637,206.8560238
"17/06/2011",3.637,213.7481256
"17/06/2011",3.637,214.6513538
"17/06/2011",3.637,214.9980596
"17/06/2011",3.637,215.560463
"17/06/2011",3.637,216.5371616
"17/06/2011",3.637,218.3551748
"17/06/2011",3.637,218.4021448
"17/06/2011",3.637,218.5877333
"17/06/2011",3.697,192.9034759
"17/06/2011",3.704,129.0432
"17/06/2011",3.842,139.0028333
"17/06/2011",3.842,185.6719333
"17/06/2011",3.842,208.1265604
"17/06/2011",3.873,135.0837333
"17/06/2011",3.873,139.0028333
"17/06/2011",3.935,129.0432
"17/06/2011",3.989,135.0837333
"17/06/2011",3.989,139.0028333
"24/06/2011",3.569,213.8402689
"24/06/2011",3.57,129.0663
"24/06/2011",3.594,206.9424405
"24/06/2011",3.594,213.8402689
"24/06/2011",3.594,214.7441108
"24/06/2011",3.594,215.0910982
"24/06/2011",3.594,215.6539583
"24/06/2011",3.594,216.6314502
"24/06/2011",3.594,218.45094
"24/06/2011",3.594,218.4979481
"24/06/2011",3.594,218.6836874
"24/06/2011",3.661,192.9982655
"24/06/2011",3.668,129.0663
"24/06/2011",3.804,139.1832917
"24/06/2011",3.804,185.7919609
"24/06/2011",3.804,208.2306018
"24/06/2011",3.807,129.0663
"24/06/2011",3.851,135.2652667
"24/06/2011",3.851,139.1832917
"24/06/2011",3.898,129.0663
"24/06/2011",3.964,135.2652667
"24/06/2011",3.964,139.1832917
"01/07/2011",3.502,213.9324122
"01/07/2011",3.504,129.0894
"01/07/2011",3.524,207.0288571
"01/07/2011",3.524,213.9324122
"01/07/2011",3.524,214.8368678
"01/07/2011",3.524,215.1841368
"01/07/2011",3.524,215.7474537
"01/07/2011",3.524,216.7257388
"01/07/2011",3.524,218.5467052
"01/07/2011",3.524,218.5937514
"01/07/2011",3.524,218.7796415
"01/07/2011",3.597,193.0930552
"01/07/2011",3.613,129.0894
"01/07/2011",3.748,139.36375
"01/07/2011",3.748,185.9119885
"01/07/2011",3.748,208.3346432
"01/07/2011",3.815,135.4468
"01/07/2011",3.815,139.36375
"01/07/2011",3.842,129.0894
"01/07/2011",3.916,135.4468
"01/07/2011",3.916,139.36375
"08/07/2011",3.44,214.0245556
"08/07/2011",3.469,129.1125
"08/07/2011",3.48,207.1152738
"08/07/2011",3.48,214.0245556
"08/07/2011",3.48,214.9296249
"08/07/2011",3.48,215.2771754
"08/07/2011",3.48,215.8409491
"08/07/2011",3.48,216.8200275
"08/07/2011",3.48,218.6424704
"08/07/2011",3.48,218.6895548
"08/07/2011",3.48,218.8755955
"08/07/2011",3.54,193.1878448
"08/07/2011",3.563,129.1125
"08/07/2011",3.705,129.1125
"08/07/2011",3.711,139.5442083
"08/07/2011",3.711,186.032016
"08/07/2011",3.711,208.4386847
"08/07/2011",3.784,135.6283333
"08/07/2011",3.784,139.5442083
"08/07/2011",3.793,129.1125
"08/07/2011",3.886,135.6283333
"08/07/2011",3.886,139.5442083
"15/07/2011",3.532,193.3125484
"15/07/2011",3.55,214.1083654
"15/07/2011",3.553,129.1338387
"15/07/2011",3.563,129.1338387
"15/07/2011",3.575,207.1940691
"15/07/2011",3.575,214.1083654
"15/07/2011",3.575,215.0134426
"15/07/2011",3.575,215.3611087
"15/07/2011",3.575,215.9250696
"15/07/2011",3.575,216.9044732
"15/07/2011",3.575,218.7275216
"15/07/2011",3.575,218.7746217
"15/07/2011",3.575,218.9607242
"15/07/2011",3.692,129.1338387
"15/07/2011",3.76,139.7006325
"15/07/2011",3.76,186.1399808
"15/07/2011",3.76,208.5309337
"15/07/2011",3.779,129.1338387
"15/07/2011",3.827,135.7837419
"15/07/2011",3.827,139.7006325
"15/07/2011",3.915,135.7837419
"15/07/2011",3.915,139.7006325
"22/07/2011",3.545,193.5120367
"22/07/2011",3.563,129.1507742
"22/07/2011",3.627,129.1507742
"22/07/2011",3.637,214.1713416
"22/07/2011",3.651,207.2538111
"22/07/2011",3.651,214.1713416
"22/07/2011",3.651,215.0749122
"22/07/2011",3.651,215.4222784
"22/07/2011",3.651,215.985753
"22/07/2011",3.651,216.964312
"22/07/2011",3.651,218.7857881
"22/07/2011",3.651,218.8328475
"22/07/2011",3.651,219.0187895
"22/07/2011",3.697,129.1507742
"22/07/2011",3.794,129.1507742
"22/07/2011",3.811,139.7969712
"22/07/2011",3.811,186.2177885
"22/07/2011",3.811,208.5937018
"22/07/2011",3.882,135.8738387
"22/07/2011",3.882,139.7969712
"22/07/2011",3.972,135.8738387
"22/07/2011",3.972,139.7969712
"29/07/2011",3.547,193.711525
"29/07/2011",3.574,129.1677097
"29/07/2011",3.659,129.1677097
"29/07/2011",3.66,214.2343177
"29/07/2011",3.682,207.313553
"29/07/2011",3.682,214.2343177
"29/07/2011",3.682,215.1363819
"29/07/2011",3.682,215.4834482
"29/07/2011",3.682,216.0464364
"29/07/2011",3.682,217.0241507
"29/07/2011",3.682,218.8440545
"29/07/2011",3.682,218.8910733
"29/07/2011",3.682,219.0768548
"29/07/2011",3.694,129.1677097
"29/07/2011",3.805,129.1677097
"29/07/2011",3.829,139.8933099
"29/07/2011",3.829,186.2955962
"29/07/2011",3.829,208.6564699
"29/07/2011",3.898,135.9639355
"29/07/2011",3.898,139.8933099
"29/07/2011",4.004,135.9639355
"29/07/2011",4.004,139.8933099
"05/08/2011",3.554,193.9110133
"05/08/2011",3.595,129.1846452
"05/08/2011",3.652,214.2972939
"05/08/2011",3.662,129.1846452
"05/08/2011",3.684,207.3732949
"05/08/2011",3.684,214.2972939
"05/08/2011",3.684,215.1978515
"05/08/2011",3.684,215.544618
"05/08/2011",3.684,216.1071198
"05/08/2011",3.684,217.0839894
"05/08/2011",3.684,218.9023209
"05/08/2011",3.684,218.9492991
"05/08/2011",3.684,219.1349201
"05/08/2011",3.803,129.1846452
"05/08/2011",3.842,139.9896486
"05/08/2011",3.842,186.3734038
"05/08/2011",3.842,208.719238
"05/08/2011",3.903,136.0540323
"05/08/2011",3.903,139.9896486
"05/08/2011",4.02,136.0540323
"05/08/2011",4.02,139.9896486
"12/08/2011",3.542,194.1105017
"12/08/2011",3.606,129.2015806
"12/08/2011",3.608,214.3602701
"12/08/2011",3.617,129.2015806
"12/08/2011",3.638,207.4330369
"12/08/2011",3.638,214.3602701
"12/08/2011",3.638,215.2593211
"12/08/2011",3.638,215.6057878
"12/08/2011",3.638,216.1678032
"12/08/2011",3.638,217.1438281
"12/08/2011",3.638,218.9605873
"12/08/2011",3.638,219.0075249
"12/08/2011",3.638,219.1929854
"12/08/2011",3.701,129.2015806
"12/08/2011",3.794,129.2015806
"12/08/2011",3.812,140.0859873
"12/08/2011",3.812,186.4512115
"12/08/2011",3.812,208.7820061
"12/08/2011",3.88,136.144129
"12/08/2011",3.88,140.0859873
"12/08/2011",3.995,136.144129
"12/08/2011",3.995,140.0859873
"19/08/2011",3.499,194.2500634
"19/08/2011",3.534,214.4239935
"19/08/2011",3.55,129.2405806
"19/08/2011",3.554,207.4953088
"19/08/2011",3.554,214.4239935
"19/08/2011",3.554,215.3229307
"19/08/2011",3.554,215.6693107
"19/08/2011",3.554,216.2311855
"19/08/2011",3.554,217.2069662
"19/08/2011",3.554,219.023271
"19/08/2011",3.554,219.0701968
"19/08/2011",3.554,219.2556109
"19/08/2011",3.578,129.2405806
"19/08/2011",3.743,129.2405806
"19/08/2011",3.747,140.1289205
"19/08/2011",3.747,186.5093071
"19/08/2011",3.747,208.8424359
"19/08/2011",3.82,136.183129
"19/08/2011",3.82,140.1289205
"19/08/2011",3.942,136.183129
"19/08/2011",3.942,140.1289205
"26/08/2011",3.485,194.3796374
"26/08/2011",3.501,214.4878416
"26/08/2011",3.523,129.2832581
"26/08/2011",3.523,207.5580023
"26/08/2011",3.523,214.4878416
"26/08/2011",3.523,215.386897
"26/08/2011",3.523,215.7332258
"26/08/2011",3.523,216.2950176
"26/08/2011",3.523,217.2706543
"26/08/2011",3.523,219.0866908
"26/08/2011",3.523,219.1336097
"26/08/2011",3.523,219.3189965
"26/08/2011",3.57,129.2832581
"26/08/2011",3.663,129.2832581
"26/08/2011",3.704,140.1629528
"26/08/2011",3.704,186.5641172
"26/08/2011",3.704,208.902476
"26/08/2011",3.74,129.2832581
"26/08/2011",3.796,136.2136129
"26/08/2011",3.796,140.1629528
"26/08/2011",3.906,136.2136129
"26/08/2011",3.906,140.1629528
"02/09/2011",3.481,214.5516896
"02/09/2011",3.511,194.5092113
"02/09/2011",3.533,129.3259355
"02/09/2011",3.533,207.6206959
"02/09/2011",3.533,214.5516896
"02/09/2011",3.533,215.4508632
"02/09/2011",3.533,215.7971409
"02/09/2011",3.533,216.3588498
"02/09/2011",3.533,217.3343423
"02/09/2011",3.533,219.1501106
"02/09/2011",3.533,219.1970226
"02/09/2011",3.533,219.382382
"02/09/2011",3.58,129.3259355
"02/09/2011",3.703,140.196985
"02/09/2011",3.703,186.6189274
"02/09/2011",3.703,208.9625161
"02/09/2011",3.784,136.2440968
"02/09/2011",3.784,140.196985
"02/09/2011",3.798,129.3259355
"02/09/2011",3.879,136.2440968
"02/09/2011",3.879,140.196985
"09/09/2011",3.499,214.6155376
"09/09/2011",3.546,207.6833894
"09/09/2011",3.546,214.6155376
"09/09/2011",3.546,215.5148295
"09/09/2011",3.546,215.861056
"09/09/2011",3.546,216.4226819
"09/09/2011",3.546,217.3980304
"09/09/2011",3.546,219.2135305
"09/09/2011",3.546,219.2604355
"09/09/2011",3.546,219.4457675
"09/09/2011",3.554,129.3686129
"09/09/2011",3.566,194.6387853
"09/09/2011",3.619,129.3686129
"09/09/2011",3.738,140.2310173
"09/09/2011",3.738,186.6737376
"09/09/2011",3.738,209.0225562
"09/09/2011",3.771,129.3686129
"09/09/2011",3.809,136.2745806
"09/09/2011",3.809,140.2310173
"09/09/2011",3.913,129.3686129
"09/09/2011",3.93,136.2745806
"09/09/2011",3.93,140.2310173
"16/09/2011",3.473,214.7934111
"16/09/2011",3.526,207.8527143
"16/09/2011",3.526,214.7934111
"16/09/2011",3.526,215.6944378
"16/09/2011",3.526,216.0410526
"16/09/2011",3.526,216.6033083
"16/09/2011",3.526,217.5797506
"16/09/2011",3.526,219.3972867
"16/09/2011",3.526,219.4442443
"16/09/2011",3.526,219.6297841
"16/09/2011",3.532,129.4306
"16/09/2011",3.596,194.7419707
"16/09/2011",3.641,129.4306
"16/09/2011",3.742,140.2735
"16/09/2011",3.742,186.8024
"16/09/2011",3.742,209.1893892
"16/09/2011",3.784,129.4306
"16/09/2011",3.809,136.3145
"16/09/2011",3.809,140.2735
"16/09/2011",3.918,129.4306
"16/09/2011",3.937,136.3145
"16/09/2011",3.937,140.2735
"23/09/2011",3.441,215.1233185
"23/09/2011",3.467,208.1642143
"23/09/2011",3.467,215.1233185
"23/09/2011",3.467,216.0282356
"23/09/2011",3.467,216.3758246
"23/09/2011",3.467,216.9396605
"23/09/2011",3.467,217.9188471
"23/09/2011",3.467,219.7414914
"23/09/2011",3.467,219.788581
"23/09/2011",3.467,219.9746423
"23/09/2011",3.473,129.5183333
"23/09/2011",3.581,194.8099713
"23/09/2011",3.648,129.5183333
"23/09/2011",3.711,140.32725
"23/09/2011",3.711,187.0295321
"23/09/2011",3.711,209.4986126
"23/09/2011",3.758,136.367
"23/09/2011",3.758,140.32725
"23/09/2011",3.789,129.5183333
"23/09/2011",3.899,136.367
"23/09/2011",3.899,140.32725
"30/09/2011",3.328,215.4532259
"30/09/2011",3.355,208.4757143
"30/09/2011",3.355,215.4532259
"30/09/2011",3.355,216.3620333
"30/09/2011",3.355,216.7105965
"30/09/2011",3.355,217.2760127
"30/09/2011",3.355,218.2579435
"30/09/2011",3.355,220.085696
"30/09/2011",3.355,220.1329176
"30/09/2011",3.355,220.3195004
"30/09/2011",3.371,129.6060667
"30/09/2011",3.538,194.8779718
"30/09/2011",3.623,129.6060667
"30/09/2011",3.645,140.381
"30/09/2011",3.645,187.2566641
"30/09/2011",3.645,209.807836
"30/09/2011",3.684,136.4195
"30/09/2011",3.684,140.381
"30/09/2011",3.858,136.4195
"30/09/2011",3.858,140.381
"30/09/2011",3.877,129.6060667
"07/10/2011",3.262,215.7831333
"07/10/2011",3.285,208.7872143
"07/10/2011",3.285,215.7831333
"07/10/2011",3.285,216.6958311
"07/10/2011",3.285,217.0453684
"07/10/2011",3.285,217.6123648
"07/10/2011",3.285,218.59704
"07/10/2011",3.285,220.4299007
"07/10/2011",3.285,220.4772543
"07/10/2011",3.285,220.6643585
"07/10/2011",3.299,129.6938
"07/10/2011",3.498,194.9459724
"07/10/2011",3.583,140.43475
"07/10/2011",3.583,187.4837962
"07/10/2011",3.583,210.1170595
"07/10/2011",3.592,129.6938
"07/10/2011",3.633,136.472
"07/10/2011",3.633,140.43475
"07/10/2011",3.775,136.472
"07/10/2011",3.775,140.43475
"07/10/2011",3.827,129.6938
"14/10/2011",3.234,216.0885258
"14/10/2011",3.274,209.0752166
"14/10/2011",3.274,216.0885258
"14/10/2011",3.274,217.0048261
"14/10/2011",3.274,217.3552733
"14/10/2011",3.274,217.9237458
"14/10/2011",3.274,218.9109844
"14/10/2011",3.274,220.7486167
"14/10/2011",3.274,220.7960935
"14/10/2011",3.274,220.9836849
"14/10/2011",3.283,129.7706452
"14/10/2011",3.491,195.0261012
"14/10/2011",3.541,140.4784194
"14/10/2011",3.541,187.6917481
"14/10/2011",3.541,210.4027602
"14/10/2011",3.567,129.7706452
"14/10/2011",3.583,136.5150968
"14/10/2011",3.583,140.4784194
"14/10/2011",3.698,129.7706452
"14/10/2011",3.744,136.5150968
"14/10/2011",3.744,140.4784194
"14/10/2011",3.805,129.7706452
"21/10/2011",3.308,216.2468287
"21/10/2011",3.353,209.2222327
"21/10/2011",3.353,216.2468287
"21/10/2011",3.353,217.1650042
"21/10/2011",3.353,217.5159762
"21/10/2011",3.353,218.0852999
"21/10/2011",3.353,219.0740167
"21/10/2011",3.353,220.9144005
"21/10/2011",3.353,220.9619484
"21/10/2011",3.353,221.1498206
"21/10/2011",3.361,129.7821613
"21/10/2011",3.548,195.1789994
"21/10/2011",3.57,140.4616048
"21/10/2011",3.57,187.7846197
"21/10/2011",3.57,210.5473252
"21/10/2011",3.579,129.7821613
"21/10/2011",3.618,136.5017742
"21/10/2011",3.618,140.4616048
"21/10/2011",3.757,136.5017742
"21/10/2011",3.757,140.4616048
"21/10/2011",3.842,129.7821613
"28/10/2011",3.306,216.4051315
"28/10/2011",3.362,129.7936774
"28/10/2011",3.372,209.3692488
"28/10/2011",3.372,216.4051315
"28/10/2011",3.372,217.3251824
"28/10/2011",3.372,217.6766791
"28/10/2011",3.372,218.2468539
"28/10/2011",3.372,219.237049
"28/10/2011",3.372,221.0801842
"28/10/2011",3.372,221.1278032
"28/10/2011",3.372,221.3159563
"28/10/2011",3.55,195.3318977
"28/10/2011",3.567,129.7936774
"28/10/2011",3.569,140.4447903
"28/10/2011",3.569,187.8774913
"28/10/2011",3.569,210.6918901
"28/10/2011",3.604,136.4884516
"28/10/2011",3.604,140.4447903
"28/10/2011",3.727,129.7936774
"28/10/2011",3.757,136.4884516
"28/10/2011",3.757,140.4447903
"28/10/2011",3.843,129.7936774
"04/11/2011",3.287,216.5634344
"04/11/2011",3.322,129.8051935
"04/11/2011",3.332,209.516265
"04/11/2011",3.332,216.5634344
"04/11/2011",3.332,217.4853605
"04/11/2011",3.332,217.837382
"04/11/2011",3.332,218.408408
"04/11/2011",3.332,219.4000812
"04/11/2011",3.332,221.245968
"04/11/2011",3.332,221.2936581
"04/11/2011",3.332,221.4820921
"04/11/2011",3.527,195.4847959
"04/11/2011",3.538,129.8051935
"04/11/2011",3.551,140.4279758
"04/11/2011",3.551,187.9703629
"04/11/2011",3.551,210.8364551
"04/11/2011",3.586,136.475129
"04/11/2011",3.586,140.4279758
"04/11/2011",3.738,136.475129
"04/11/2011",3.738,140.4279758
"04/11/2011",3.828,129.8051935
"11/11/2011",3.254,216.7217373
"11/11/2011",3.286,129.8167097
"11/11/2011",3.297,209.6632811
"11/11/2011",3.297,216.7217373
"11/11/2011",3.297,217.6455387
"11/11/2011",3.297,217.9980849
"11/11/2011",3.297,218.5699621
"11/11/2011",3.297,219.5631135
"11/11/2011",3.297,221.4117517
"11/11/2011",3.297,221.4595129
"11/11/2011",3.297,221.6482278
"11/11/2011",3.505,195.6376941
"11/11/2011",3.513,129.8167097
"11/11/2011",3.53,140.4111613
"11/11/2011",3.53,188.0632345
"11/11/2011",3.53,210.9810201
"11/11/2011",3.57,136.4618065
"11/11/2011",3.57,140.4111613
"11/11/2011",3.677,129.8167097
"11/11/2011",3.719,136.4618065
"11/11/2011",3.719,140.4111613
"11/11/2011",3.824,129.8167097
"18/11/2011",3.26,216.9395861
"18/11/2011",3.294,129.8268333
"18/11/2011",3.308,209.8651071
"18/11/2011",3.308,216.9395861
"18/11/2011",3.308,217.8670218
"18/11/2011",3.308,218.2205088
"18/11/2011",3.308,218.793912
"18/11/2011",3.308,219.7897137
"18/11/2011",3.308,221.6432852
"18/11/2011",3.308,221.6911738
"18/11/2011",3.308,221.8803923
"18/11/2011",3.479,195.7184713
"18/11/2011",3.489,129.8268333
"18/11/2011",3.53,140.4127857
"18/11/2011",3.53,188.1983654
"18/11/2011",3.53,211.1847207
"18/11/2011",3.571,136.4666667
"18/11/2011",3.571,140.4127857
"18/11/2011",3.669,129.8268333
"18/11/2011",3.717,136.4666667
"18/11/2011",3.717,140.4127857
"18/11/2011",3.813,129.8268333
"25/11/2011",3.181,217.1812533
"25/11/2011",3.225,129.8364
"25/11/2011",3.236,210.0888571
"25/11/2011",3.236,217.1812533
"25/11/2011",3.236,218.1130269
"25/11/2011",3.236,218.4676211
"25/11/2011",3.236,219.0428204
"25/11/2011",3.236,220.0417412
"25/11/2011",3.236,221.9011185
"25/11/2011",3.236,221.9491571
"25/11/2011",3.236,222.1389683
"25/11/2011",3.424,195.7704
"25/11/2011",3.445,129.8364
"25/11/2011",3.492,140.4217857
"25/11/2011",3.492,188.3504
"25/11/2011",3.492,211.4120757
"25/11/2011",3.536,136.4788
"25/11/2011",3.536,140.4217857
"25/11/2011",3.622,129.8364
"25/11/2011",3.689,136.4788
"25/11/2011",3.689,140.4217857
"25/11/2011",3.76,129.8364
"02/12/2011",3.164,217.4229206
"02/12/2011",3.172,210.3126071
"02/12/2011",3.172,217.4229206
"02/12/2011",3.172,218.3590319
"02/12/2011",3.172,218.7147333
"02/12/2011",3.172,219.2917287
"02/12/2011",3.172,220.2937686
"02/12/2011",3.172,222.1589519
"02/12/2011",3.172,222.2071405
"02/12/2011",3.172,222.3975443
"02/12/2011",3.176,129.8459667
"02/12/2011",3.378,195.8223287
"02/12/2011",3.389,129.8459667
"02/12/2011",3.452,140.4307857
"02/12/2011",3.452,188.5024346
"02/12/2011",3.452,211.6394306
"02/12/2011",3.501,136.4909333
"02/12/2011",3.501,140.4307857
"02/12/2011",3.666,136.4909333
"02/12/2011",3.666,140.4307857
"02/12/2011",3.701,129.8459667
"09/12/2011",3.147,217.6645878
"09/12/2011",3.153,129.8555333
"09/12/2011",3.158,210.5363571
"09/12/2011",3.158,217.6645878
"09/12/2011",3.158,218.605037
"09/12/2011",3.158,218.9618456
"09/12/2011",3.158,219.540637
"09/12/2011",3.158,220.5457961
"09/12/2011",3.158,222.4167852
"09/12/2011",3.158,222.4651238
"09/12/2011",3.158,222.6561203
"09/12/2011",3.331,195.8742575
"09/12/2011",3.341,129.8555333
"09/12/2011",3.415,140.4397857
"09/12/2011",3.415,188.6544692
"09/12/2011",3.415,211.8667856
"09/12/2011",3.47,136.5030667
"09/12/2011",3.47,140.4397857
"09/12/2011",3.627,136.5030667
"09/12/2011",3.627,140.4397857
"09/12/2011",3.644,129.8555333
"16/12/2011",3.133,217.8781339
"16/12/2011",3.149,129.8980645
"16/12/2011",3.159,210.7365392
"16/12/2011",3.159,217.8781339
"16/12/2011",3.159,218.8217928
"16/12/2011",3.159,219.1794533
"16/12/2011",3.159,219.7596266
"16/12/2011",3.159,220.7671856
"16/12/2011",3.159,222.6426418
"16/12/2011",3.159,222.6910959
"16/12/2011",3.159,222.8825484
"16/12/2011",3.266,195.9841685
"16/12/2011",3.282,129.8980645
"16/12/2011",3.413,140.4700795
"16/12/2011",3.413,188.7979349
"16/12/2011",3.413,212.0685039
"16/12/2011",3.445,136.5335161
"16/12/2011",3.445,140.4700795
"16/12/2011",3.489,129.8980645
"16/12/2011",3.6,129.8980645
"16/12/2011",3.611,136.5335161
"16/12/2011",3.611,140.4700795
"23/12/2011",3.098,218.0541851
"23/12/2011",3.103,129.9845484
"23/12/2011",3.112,210.9052972
"23/12/2011",3.112,218.0541851
"23/12/2011",3.112,218.9995495
"23/12/2011",3.112,219.3577216
"23/12/2011",3.112,219.9387246
"23/12/2011",3.112,220.9477245
"23/12/2011",3.112,222.8258628
"23/12/2011",3.112,222.8743862
"23/12/2011",3.112,223.0661125
"23/12/2011",3.173,196.1713893
"23/12/2011",3.186,129.9845484
"23/12/2011",3.389,140.528765
"23/12/2011",3.389,188.9299752
"23/12/2011",3.389,212.2360401
"23/12/2011",3.413,136.5883871
"23/12/2011",3.413,140.528765
"23/12/2011",3.541,129.9845484
"23/12/2011",3.587,136.5883871
"23/12/2011",3.587,140.528765
"30/12/2011",3.119,130.0710323
"30/12/2011",3.119,196.3586101
"30/12/2011",3.129,211.0740553
"30/12/2011",3.129,218.2302364
"30/12/2011",3.129,219.1773063
"30/12/2011",3.129,219.5359898
"30/12/2011",3.129,220.1178226
"30/12/2011",3.129,221.1282634
"30/12/2011",3.129,223.0090839
"30/12/2011",3.129,223.0576765
"30/12/2011",3.129,223.2496766
"30/12/2011",3.132,218.2302364
"30/12/2011",3.389,140.5874505
"30/12/2011",3.389,189.0620155
"30/12/2011",3.389,212.4035763
"30/12/2011",3.402,136.6432581
"30/12/2011",3.402,140.5874505
"30/12/2011",3.428,130.0710323
"30/12/2011",3.566,136.6432581
"30/12/2011",3.566,140.5874505
"06/01/2012",3.08,130.1575161
"06/01/2012",3.095,196.5458309
"06/01/2012",3.129,218.4062876
"06/01/2012",3.157,211.2428134
"06/01/2012",3.157,218.4062876
"06/01/2012",3.157,219.355063
"06/01/2012",3.157,219.7142581
"06/01/2012",3.157,220.2969205
"06/01/2012",3.157,221.3088023
"06/01/2012",3.157,223.1923049
"06/01/2012",3.157,223.2409668
"06/01/2012",3.157,223.4332408
"06/01/2012",3.158,130.1575161
"06/01/2012",3.422,140.6461359
"06/01/2012",3.422,189.1940558
"06/01/2012",3.422,212.5711125
"06/01/2012",3.439,136.698129
"06/01/2012",3.439,140.6461359
"06/01/2012",3.443,130.1575161
"06/01/2012",3.585,136.698129
"06/01/2012",3.585,140.6461359
"06/01/2012",3.599,130.1575161
"13/01/2012",3.056,130.244
"13/01/2012",3.077,196.7330517
"13/01/2012",3.254,218.5823389
"13/01/2012",3.261,211.4115714
"13/01/2012",3.261,218.5823389
"13/01/2012",3.261,219.5328198
"13/01/2012",3.261,219.8925263
"13/01/2012",3.261,220.4760185
"13/01/2012",3.261,221.4893412
"13/01/2012",3.261,223.3755259
"13/01/2012",3.261,223.4242571
"13/01/2012",3.261,223.6168049
"13/01/2012",3.263,130.244
"13/01/2012",3.477,130.244
"13/01/2012",3.513,140.7048214
"13/01/2012",3.513,189.3260962
"13/01/2012",3.513,212.7386486
"13/01/2012",3.523,136.753
"13/01/2012",3.523,140.7048214
"13/01/2012",3.657,130.244
"13/01/2012",3.666,136.753
"13/01/2012",3.666,140.7048214
"20/01/2012",3.047,130.2792258
"20/01/2012",3.055,196.7796652
"20/01/2012",3.268,211.4997811
"20/01/2012",3.268,218.6755292
"20/01/2012",3.268,219.6258417
"20/01/2012",3.268,219.9856893
"20/01/2012",3.268,220.5694104
"20/01/2012",3.268,221.5831306
"20/01/2012",3.268,223.4700552
"20/01/2012",3.268,223.5188055
"20/01/2012",3.268,223.7114288
"20/01/2012",3.273,130.2792258
"20/01/2012",3.275,218.6755292
"20/01/2012",3.533,140.8086118
"20/01/2012",3.533,189.4214733
"20/01/2012",3.533,212.8336399
"20/01/2012",3.542,136.8564194
"20/01/2012",3.542,140.8086118
"20/01/2012",3.66,130.2792258
"20/01/2012",3.705,136.8564194
"20/01/2012",3.705,140.8086118
"27/01/2012",3.038,196.8262786
"27/01/2012",3.058,130.3144516
"27/01/2012",3.29,130.3144516
"27/01/2012",3.29,211.5879908
"27/01/2012",3.29,218.7687195
"27/01/2012",3.29,219.7188636
"27/01/2012",3.29,220.0788523
"27/01/2012",3.29,220.6628023
"27/01/2012",3.29,221.6769199
"27/01/2012",3.29,223.5645845
"27/01/2012",3.29,223.6133539
"27/01/2012",3.29,223.8060527
"27/01/2012",3.313,218.7687195
"27/01/2012",3.567,140.9124021
"27/01/2012",3.567,189.5168505
"27/01/2012",3.567,212.9286312
"27/01/2012",3.568,136.9598387
"27/01/2012",3.568,140.9124021
"27/01/2012",3.675,130.3144516
"27/01/2012",3.737,136.9598387
"27/01/2012",3.737,140.9124021
"03/02/2012",3.031,196.8728921
"03/02/2012",3.077,130.3496774
"03/02/2012",3.354,130.3496774
"03/02/2012",3.36,211.6762005
"03/02/2012",3.36,218.8619099
"03/02/2012",3.36,219.8118854
"03/02/2012",3.36,220.1720153
"03/02/2012",3.36,220.7561941
"03/02/2012",3.36,221.7707093
"03/02/2012",3.36,223.6591137
"03/02/2012",3.36,223.7079023
"03/02/2012",3.36,223.9006766
"03/02/2012",3.421,218.8619099
"03/02/2012",3.543,130.3496774
"03/02/2012",3.617,141.0161924
"03/02/2012",3.617,189.6122277
"03/02/2012",3.617,213.0236225
"03/02/2012",3.633,137.0632581
"03/02/2012",3.633,141.0161924
"03/02/2012",3.702,130.3496774
"03/02/2012",3.796,137.0632581
"03/02/2012",3.796,141.0161924
"10/02/2012",3.103,196.9195056
"10/02/2012",3.116,130.3849032
"10/02/2012",3.409,211.7644101
"10/02/2012",3.409,218.9551002
"10/02/2012",3.409,219.9049073
"10/02/2012",3.409,220.2651783
"10/02/2012",3.409,220.849586
"10/02/2012",3.409,221.8644987
"10/02/2012",3.409,223.753643
"10/02/2012",3.409,223.8024507
"10/02/2012",3.409,223.9953006
"10/02/2012",3.411,130.3849032
"10/02/2012",3.462,218.9551002
"10/02/2012",3.64,141.1199827
"10/02/2012",3.64,189.7076048
"10/02/2012",3.64,213.1186138
"10/02/2012",3.655,137.1666774
"10/02/2012",3.655,141.1199827
"10/02/2012",3.722,130.3849032
"10/02/2012",3.826,137.1666774
"10/02/2012",3.826,141.1199827
"17/02/2012",3.113,196.9432711
"17/02/2012",3.119,130.4546207
"17/02/2012",3.493,130.4546207
"17/02/2012",3.503,219.1148297
"17/02/2012",3.51,211.916835
"17/02/2012",3.51,219.1148297
"17/02/2012",3.51,220.0651993
"17/02/2012",3.51,220.4257586
"17/02/2012",3.51,221.0106341
"17/02/2012",3.51,222.026359
"17/02/2012",3.51,223.9170153
"17/02/2012",3.51,223.9658621
"17/02/2012",3.51,224.1588663
"17/02/2012",3.695,141.2140357
"17/02/2012",3.695,189.8424834
"17/02/2012",3.695,213.2732106
"17/02/2012",3.703,137.2583103
"17/02/2012",3.703,141.2140357
"17/02/2012",3.781,130.4546207
"17/02/2012",3.874,137.2583103
"17/02/2012",3.874,141.2140357
"24/02/2012",3.129,196.9499007
"24/02/2012",3.145,130.5502069
"24/02/2012",3.541,130.5502069
"24/02/2012",3.55,219.3244636
"24/02/2012",3.555,212.1174212
"24/02/2012",3.555,219.3244636
"24/02/2012",3.555,220.275944
"24/02/2012",3.555,220.636902
"24/02/2012",3.555,221.2224243
"24/02/2012",3.555,222.2392726
"24/02/2012",3.555,224.1320199
"24/02/2012",3.555,224.1809207
"24/02/2012",3.555,224.3741384
"24/02/2012",3.739,141.3007857
"24/02/2012",3.739,190.0069881
"24/02/2012",3.739,213.4725116
"24/02/2012",3.751,137.3411034
"24/02/2012",3.751,141.3007857
"24/02/2012",3.917,137.3411034
"24/02/2012",3.917,141.3007857
"24/02/2012",3.95,130.5502069
"02/03/2012",3.191,196.9565303
"02/03/2012",3.242,130.6457931
"02/03/2012",3.619,130.6457931
"02/03/2012",3.619,219.5340975
"02/03/2012",3.63,212.3180074
"02/03/2012",3.63,219.5340975
"02/03/2012",3.63,220.4866886
"02/03/2012",3.63,220.8480454
"02/03/2012",3.63,221.4342146
"02/03/2012",3.63,222.4521862
"02/03/2012",3.63,224.3470245
"02/03/2012",3.63,224.3959793
"02/03/2012",3.63,224.5894104
"02/03/2012",3.816,141.3875357
"02/03/2012",3.816,190.1714927
"02/03/2012",3.816,213.6718127
"02/03/2012",3.827,137.4238966
"02/03/2012",3.827,141.3875357
"02/03/2012",3.882,130.6457931
"02/03/2012",3.983,137.4238966
"02/03/2012",3.983,141.3875357
"02/03/2012",4.178,130.6457931
"09/03/2012",3.286,196.9631599
"09/03/2012",3.38,130.7413793
"09/03/2012",3.647,219.7437314
"09/03/2012",3.667,130.7413793
"09/03/2012",3.669,212.5185936
"09/03/2012",3.669,219.7437314
"09/03/2012",3.669,220.6974332
"09/03/2012",3.669,221.0591887
"09/03/2012",3.669,221.6460048
"09/03/2012",3.669,222.6650998
"09/03/2012",3.669,224.5620291
"09/03/2012",3.669,224.6110379
"09/03/2012",3.669,224.8046825
"09/03/2012",3.848,141.4742857
"09/03/2012",3.848,190.3359973
"09/03/2012",3.848,213.8711137
"09/03/2012",3.876,137.5066897
"09/03/2012",3.876,141.4742857
"09/03/2012",3.963,130.7413793
"09/03/2012",4.021,137.5066897
"09/03/2012",4.021,141.4742857
"09/03/2012",4.25,130.7413793
"16/03/2012",3.486,197.0457208
"16/03/2012",3.529,130.8261935
"16/03/2012",3.707,130.8261935
"16/03/2012",3.734,212.6651567
"16/03/2012",3.734,219.8956335
"16/03/2012",3.734,220.8498468
"16/03/2012",3.734,221.2118132
"16/03/2012",3.734,221.7989713
"16/03/2012",3.734,222.8186603
"16/03/2012",3.734,224.7166953
"16/03/2012",3.734,224.7657327
"16/03/2012",3.734,224.9594902
"16/03/2012",3.779,219.8956335
"16/03/2012",3.862,141.55478
"16/03/2012",3.862,190.4618964
"16/03/2012",3.862,214.0167132
"16/03/2012",3.867,137.5843871
"16/03/2012",3.867,141.55478
"16/03/2012",4.021,137.5843871
"16/03/2012",4.021,141.55478
"16/03/2012",4.273,130.8261935
"23/03/2012",3.664,197.2295234
"23/03/2012",3.671,130.8966452
"23/03/2012",3.759,130.8966452
"23/03/2012",3.787,212.7396889
"23/03/2012",3.787,219.9705599
"23/03/2012",3.787,220.9244858
"23/03/2012",3.787,221.2864126
"23/03/2012",3.787,221.8735063
"23/03/2012",3.787,222.8930835
"23/03/2012",3.787,224.7909104
"23/03/2012",3.787,224.8399424
"23/03/2012",3.787,225.0336786
"23/03/2012",3.845,219.9705599
"23/03/2012",3.889,137.6552903
"23/03/2012",3.889,141.6269332
"23/03/2012",3.9,141.6269332
"23/03/2012",3.9,190.5363213
"23/03/2012",3.9,214.0907105
"23/03/2012",4.038,130.8966452
"23/03/2012",4.054,137.6552903
"23/03/2012",4.054,141.6269332
"23/03/2012",4.288,130.8966452
"30/03/2012",3.734,130.9670968
"30/03/2012",3.75,197.4133259
"30/03/2012",3.82,130.9670968
"30/03/2012",3.845,212.8142212
"30/03/2012",3.845,220.0454862
"30/03/2012",3.845,220.9991248
"30/03/2012",3.845,221.3610119
"30/03/2012",3.845,221.9480412
"30/03/2012",3.845,222.9675066
"30/03/2012",3.845,224.8651254
"30/03/2012",3.845,224.9141521
"30/03/2012",3.845,225.107867
"30/03/2012",3.891,220.0454862
"30/03/2012",3.921,137.7261935
"30/03/2012",3.921,141.6990864
"30/03/2012",3.953,141.6990864
"30/03/2012",3.953,190.6107463
"30/03/2012",3.953,214.1647079
"30/03/2012",4.098,137.7261935
"30/03/2012",4.098,141.6990864
"30/03/2012",4.294,130.9670968
"06/04/2012",3.793,131.0375484
"06/04/2012",3.854,197.5971285
"06/04/2012",3.864,131.0375484
"06/04/2012",3.891,212.8887535
"06/04/2012",3.891,220.1204125
"06/04/2012",3.891,221.0737638
"06/04/2012",3.891,221.4356112
"06/04/2012",3.891,222.0225762
"06/04/2012",3.891,223.0419298
"06/04/2012",3.891,224.9393405
"06/04/2012",3.891,224.9883618
"06/04/2012",3.891,225.1820555
"06/04/2012",3.934,220.1204125
"06/04/2012",3.957,137.7970968
"06/04/2012",3.957,141.7712396
"06/04/2012",3.996,141.7712396
"06/04/2012",3.996,190.6851712
"06/04/2012",3.996,214.2387053
"06/04/2012",4.121,131.0375484
"06/04/2012",4.143,137.7970968
"06/04/2012",4.143,141.7712396
"06/04/2012",4.282,131.0375484
"13/04/2012",3.833,131.108
"13/04/2012",3.881,131.108
"13/04/2012",3.891,212.9632857
"13/04/2012",3.891,220.1953389
"13/04/2012",3.891,221.1484028
"13/04/2012",3.891,221.5102105
"13/04/2012",3.891,222.0971111
"13/04/2012",3.891,223.1163529
"13/04/2012",3.891,225.0135556
"13/04/2012",3.891,225.0625714
"13/04/2012",3.891,225.2562439
"13/04/2012",3.901,197.780931
"13/04/2012",3.919,220.1953389
"13/04/2012",4.025,137.868
"13/04/2012",4.025,141.8433929
"13/04/2012",4.044,141.8433929
"13/04/2012",4.044,190.7595962
"13/04/2012",4.044,214.3127027
"13/04/2012",4.187,137.868
"13/04/2012",4.187,141.8433929
"13/04/2012",4.254,131.108
"20/04/2012",3.845,131.1173333
"20/04/2012",3.864,131.1173333
"20/04/2012",3.877,213.0130524
"20/04/2012",3.877,220.2483937
"20/04/2012",3.877,221.2021074
"20/04/2012",3.877,221.5640737
"20/04/2012",3.877,222.1512315
"20/04/2012",3.877,223.17092
"20/04/2012",3.877,225.0689541
"20/04/2012",3.877,225.1179914
"20/04/2012",3.877,225.3117488
"20/04/2012",3.918,220.2483937
"20/04/2012",3.936,197.7227385
"20/04/2012",4.027,141.9015262
"20/04/2012",4.027,190.8138013
"20/04/2012",4.027,214.3675045
"20/04/2012",4.046,137.9230667
"20/04/2012",4.046,141.9015262
"20/04/2012",4.111,131.1173333
"20/04/2012",4.17,137.9230667
"20/04/2012",4.17,141.9015262
"20/04/2012",4.222,131.1173333
"27/04/2012",3.81,131.1266667
"27/04/2012",3.814,213.062819
"27/04/2012",3.814,220.3014485
"27/04/2012",3.814,221.255812
"27/04/2012",3.814,221.6179368
"27/04/2012",3.814,222.2053519
"27/04/2012",3.814,223.2254871
"27/04/2012",3.814,225.1243526
"27/04/2012",3.814,225.1734114
"27/04/2012",3.814,225.3672537
"27/04/2012",3.842,131.1266667
"27/04/2012",3.888,220.3014485
"27/04/2012",3.927,197.664546
"27/04/2012",4.004,141.9596595
"27/04/2012",4.004,190.8680064
"27/04/2012",4.004,214.4223063
"27/04/2012",4.023,137.9781333
"27/04/2012",4.023,141.9596595
"27/04/2012",4.088,131.1266667
"27/04/2012",4.163,137.9781333
"27/04/2012",4.163,141.9596595
"27/04/2012",4.193,131.1266667
"04/05/2012",3.747,131.136
"04/05/2012",3.749,213.1125857
"04/05/2012",3.749,220.3545033
"04/05/2012",3.749,221.3095166
"04/05/2012",3.749,221.6718
"04/05/2012",3.749,222.2594722
"04/05/2012",3.749,223.2800541
"04/05/2012",3.749,225.1797511
"04/05/2012",3.749,225.2288314
"04/05/2012",3.749,225.4227585
"04/05/2012",3.831,131.136
"04/05/2012",3.835,220.3545033
"04/05/2012",3.903,197.6063534
"04/05/2012",3.951,142.0177929
"04/05/2012",3.951,190.9222115
"04/05/2012",3.951,214.4771081
"04/05/2012",3.991,138.0332
"04/05/2012",3.991,142.0177929
"04/05/2012",4.058,131.136
"04/05/2012",4.124,138.0332
"04/05/2012",4.124,142.0177929
"04/05/2012",4.171,131.136
"11/05/2012",3.685,131.1453333
"11/05/2012",3.688,213.1623524
"11/05/2012",3.688,220.4075581
"11/05/2012",3.688,221.3632212
"11/05/2012",3.688,221.7256632
"11/05/2012",3.688,222.3135926
"11/05/2012",3.688,223.3346212
"11/05/2012",3.688,225.2351496
"11/05/2012",3.688,225.2842514
"11/05/2012",3.688,225.4782634
"11/05/2012",3.764,220.4075581
"11/05/2012",3.809,131.1453333
"11/05/2012",3.87,197.5481609
"11/05/2012",3.889,142.0759262
"11/05/2012",3.889,190.9764167
"11/05/2012",3.889,214.5319099
"11/05/2012",3.947,138.0882667
"11/05/2012",3.947,142.0759262
"11/05/2012",4.055,138.0882667
"11/05/2012",4.055,142.0759262
"11/05/2012",4.186,131.1453333
"18/05/2012",3.62,131.0983226
"18/05/2012",3.63,213.1753618
"18/05/2012",3.63,220.4252149
"18/05/2012",3.63,221.380331
"18/05/2012",3.63,221.742674
"18/05/2012",3.63,222.330443
"18/05/2012",3.63,223.3511928
"18/05/2012",3.63,225.2512024
"18/05/2012",3.63,225.3002908
"18/05/2012",3.63,225.4942498
"18/05/2012",3.713,220.4252149
"18/05/2012",3.808,131.0983226
"18/05/2012",3.837,197.5553137
"18/05/2012",3.848,142.0970115
"18/05/2012",3.848,190.9964479
"18/05/2012",3.848,214.5485571
"18/05/2012",3.899,138.1065806
"18/05/2012",3.899,142.0970115
"18/05/2012",4.029,138.1065806
"18/05/2012",4.029,142.0970115
"18/05/2012",4.11,131.0983226
"18/05/2012",4.308,131.0983226
"25/05/2012",3.551,131.0287742
"25/05/2012",3.561,213.1736682
"25/05/2012",3.561,220.4287124
"25/05/2012",3.561,221.3828029
"25/05/2012",3.561,221.744944
"25/05/2012",3.561,222.3323853
"25/05/2012",3.561,223.3525662
"25/05/2012",3.561,225.2515168
"25/05/2012",3.561,225.3005779
"25/05/2012",3.561,225.4944288
"25/05/2012",3.636,220.4287124
"25/05/2012",3.798,142.1032776
"25/05/2012",3.798,191.0028096
"25/05/2012",3.798,214.5499425
"25/05/2012",3.801,131.0287742
"25/05/2012",3.804,197.5886046
"25/05/2012",3.85,138.1101935
"25/05/2012",3.85,142.1032776
"25/05/2012",3.979,138.1101935
"25/05/2012",3.979,142.1032776
"25/05/2012",4.127,131.0287742
"25/05/2012",4.293,131.0287742
"01/06/2012",3.483,130.9592258
"01/06/2012",3.501,213.1719747
"01/06/2012",3.501,220.4322099
"01/06/2012",3.501,221.3852748
"01/06/2012",3.501,221.7472139
"01/06/2012",3.501,222.3343277
"01/06/2012",3.501,223.3539397
"01/06/2012",3.501,225.2518313
"01/06/2012",3.501,225.300865
"01/06/2012",3.501,225.4946078
"01/06/2012",3.567,220.4322099
"01/06/2012",3.742,142.1095438
"01/06/2012",3.742,191.0091712
"01/06/2012",3.742,214.5513278
"01/06/2012",3.764,197.6218954
"01/06/2012",3.788,130.9592258
"01/06/2012",3.798,138.1138065
"01/06/2012",3.798,142.1095438
"01/06/2012",3.915,138.1138065
"01/06/2012",3.915,142.1095438
"01/06/2012",4.277,130.9592258
"08/06/2012",3.433,130.8896774
"08/06/2012",3.452,213.1702811
"08/06/2012",3.452,220.4357073
"08/06/2012",3.452,221.3877467
"08/06/2012",3.452,221.7494839
"08/06/2012",3.452,222.33627
"08/06/2012",3.452,223.3553131
"08/06/2012",3.452,225.2521458
"08/06/2012",3.452,225.3011521
"08/06/2012",3.452,225.4947868
"08/06/2012",3.513,220.4357073
"08/06/2012",3.689,142.1158099
"08/06/2012",3.689,191.0155329
"08/06/2012",3.689,214.5527132
"08/06/2012",3.741,197.6551863
"08/06/2012",3.746,138.1174194
"08/06/2012",3.746,142.1158099
"08/06/2012",3.776,130.8896774
"08/06/2012",3.871,138.1174194
"08/06/2012",3.871,142.1158099
"08/06/2012",4.103,130.8896774
"15/06/2012",3.372,130.8295333
"15/06/2012",3.393,213.1786952
"15/06/2012",3.393,220.4494148
"15/06/2012",3.393,221.4009901
"15/06/2012",3.393,221.7626421
"15/06/2012",3.393,222.3492901
"15/06/2012",3.393,223.3680933
"15/06/2012",3.393,225.2644795
"15/06/2012",3.393,225.3134743
"15/06/2012",3.393,225.5070634
"15/06/2012",3.407,220.4494148
"15/06/2012",3.62,142.1292548
"15/06/2012",3.62,191.0299731
"15/06/2012",3.62,214.5653243
"15/06/2012",3.683,138.1295333
"15/06/2012",3.683,142.1292548
"15/06/2012",3.723,197.692292
"15/06/2012",3.756,130.8295333
"15/06/2012",3.786,138.1295333
"15/06/2012",3.786,142.1292548
"15/06/2012",4.144,130.8295333
"22/06/2012",3.329,130.7929
"22/06/2012",3.346,213.2123786
"22/06/2012",3.346,220.4886472
"22/06/2012",3.346,221.4411622
"22/06/2012",3.346,221.8030211
"22/06/2012",3.346,222.3900046
"22/06/2012",3.346,223.4093906
"22/06/2012",3.346,225.3068615
"22/06/2012",3.346,225.3558843
"22/06/2012",3.346,225.5495841
"22/06/2012",3.358,220.4886472
"22/06/2012",3.564,142.1606464
"22/06/2012",3.564,191.0646096
"22/06/2012",3.564,214.606
"22/06/2012",3.629,138.1629
"22/06/2012",3.629,142.1606464
"22/06/2012",3.722,138.1629
"22/06/2012",3.722,142.1606464
"22/06/2012",3.735,197.7389345
"22/06/2012",3.737,130.7929
"22/06/2012",4.014,130.7929
"29/06/2012",3.257,130.7562667
"29/06/2012",3.273,220.5278796
"29/06/2012",3.286,213.2460619
"29/06/2012",3.286,220.5278796
"29/06/2012",3.286,221.4813343
"29/06/2012",3.286,221.8434
"29/06/2012",3.286,222.4307191
"29/06/2012",3.286,223.4506878
"29/06/2012",3.286,225.3492435
"29/06/2012",3.286,225.3982943
"29/06/2012",3.286,225.5921049
"29/06/2012",3.506,142.1920381
"29/06/2012",3.506,191.0992462
"29/06/2012",3.506,214.6466757
"29/06/2012",3.577,138.1962667
"29/06/2012",3.577,142.1920381
"29/06/2012",3.667,138.1962667
"29/06/2012",3.667,142.1920381
"29/06/2012",3.681,130.7562667
"29/06/2012",3.693,197.785577
"29/06/2012",3.875,130.7562667
"06/07/2012",3.187,130.7196333
"06/07/2012",3.227,213.2797452
"06/07/2012",3.227,220.567112
"06/07/2012",3.227,221.5215064
"06/07/2012",3.227,221.8837789
"06/07/2012",3.227,222.4714336
"06/07/2012",3.227,223.4919851
"06/07/2012",3.227,225.3916254
"06/07/2012",3.227,225.4407043
"06/07/2012",3.227,225.6346256
"06/07/2012",3.232,220.567112
"06/07/2012",3.475,142.2234298
"06/07/2012",3.475,191.1338827
"06/07/2012",3.475,214.6873514
"06/07/2012",3.538,138.2296333
"06/07/2012",3.538,142.2234298
"06/07/2012",3.63,130.7196333
"06/07/2012",3.646,138.2296333
"06/07/2012",3.646,142.2234298
"06/07/2012",3.646,197.8322195
"06/07/2012",3.666,130.7196333
"06/07/2012",3.765,130.7196333
"13/07/2012",3.224,130.683
"13/07/2012",3.245,220.6063444
"13/07/2012",3.256,213.3134286
"13/07/2012",3.256,220.6063444
"13/07/2012",3.256,221.5616784
"13/07/2012",3.256,221.9241579
"13/07/2012",3.256,222.5121481
"13/07/2012",3.256,223.5332824
"13/07/2012",3.256,225.4340074
"13/07/2012",3.256,225.4831143
"13/07/2012",3.256,225.6771463
"13/07/2012",3.523,142.2548214
"13/07/2012",3.523,191.1685192
"13/07/2012",3.523,214.728027
"13/07/2012",3.561,138.263
"13/07/2012",3.561,142.2548214
"13/07/2012",3.595,130.683
"13/07/2012",3.613,197.8788621
"13/07/2012",3.689,138.263
"13/07/2012",3.689,142.2548214
"13/07/2012",3.723,130.683
"20/07/2012",3.263,130.7012903
"20/07/2012",3.301,220.6148749
"20/07/2012",3.311,213.3219124
"20/07/2012",3.311,220.6148749
"20/07/2012",3.311,221.5701123
"20/07/2012",3.311,221.9327267
"20/07/2012",3.311,222.5209358
"20/07/2012",3.311,223.5424501
"20/07/2012",3.311,225.4438827
"20/07/2012",3.311,225.4930078
"20/07/2012",3.311,225.6871121
"20/07/2012",3.556,130.7012903
"20/07/2012",3.567,142.2337569
"20/07/2012",3.567,191.1670428
"20/07/2012",3.567,214.7331351
"20/07/2012",3.585,197.9290378
"20/07/2012",3.589,130.7012903
"20/07/2012",3.61,138.2331935
"20/07/2012",3.61,142.2337569
"20/07/2012",3.726,130.7012903
"20/07/2012",3.732,138.2331935
"20/07/2012",3.732,142.2337569
"27/07/2012",3.356,130.7195806
"27/07/2012",3.392,220.6234054
"27/07/2012",3.407,213.3303963
"27/07/2012",3.407,220.6234054
"27/07/2012",3.407,221.5785461
"27/07/2012",3.407,221.9412954
"27/07/2012",3.407,222.5297234
"27/07/2012",3.407,223.5516178
"27/07/2012",3.407,225.4537579
"27/07/2012",3.407,225.5029014
"27/07/2012",3.407,225.6970779
"27/07/2012",3.537,130.7195806
"27/07/2012",3.57,197.9792136
"27/07/2012",3.647,142.2126924
"27/07/2012",3.647,191.1655664
"27/07/2012",3.647,214.7382432
"27/07/2012",3.701,138.2033871
"27/07/2012",3.701,142.2126924
"27/07/2012",3.769,130.7195806
"27/07/2012",3.82,138.2033871
"27/07/2012",3.82,142.2126924
"03/08/2012",3.374,130.737871
"03/08/2012",3.404,220.6319358
"03/08/2012",3.417,213.3388802
"03/08/2012",3.417,220.6319358
"03/08/2012",3.417,221.5869799
"03/08/2012",3.417,221.9498642
"03/08/2012",3.417,222.5385111
"03/08/2012",3.417,223.5607856
"03/08/2012",3.417,225.4636332
"03/08/2012",3.417,225.5127949
"03/08/2012",3.417,225.7070437
"03/08/2012",3.512,130.737871
"03/08/2012",3.528,198.0293893
"03/08/2012",3.595,130.737871
"03/08/2012",3.654,142.1916279
"03/08/2012",3.654,191.16409
"03/08/2012",3.654,214.7433514
"03/08/2012",3.698,138.1735806
"03/08/2012",3.698,142.1916279
"03/08/2012",3.76,130.737871
"03/08/2012",3.819,138.1735806
"03/08/2012",3.819,142.1916279
"10/08/2012",3.476,130.7561613
"10/08/2012",3.49,220.6404663
"10/08/2012",3.494,213.3473641
"10/08/2012",3.494,220.6404663
"10/08/2012",3.494,221.5954138
"10/08/2012",3.494,221.9584329
"10/08/2012",3.494,222.5472987
"10/08/2012",3.494,223.5699533
"10/08/2012",3.494,225.4735085
"10/08/2012",3.494,225.5226885
"10/08/2012",3.494,225.7170094
"10/08/2012",3.509,130.7561613
"10/08/2012",3.509,198.0795651
"10/08/2012",3.722,142.1705634
"10/08/2012",3.722,191.1626135
"10/08/2012",3.722,214.7484595
"10/08/2012",3.772,138.1437742
"10/08/2012",3.772,142.1705634
"10/08/2012",3.811,130.7561613
"10/08/2012",3.863,138.1437742
"10/08/2012",3.863,142.1705634
"17/08/2012",3.545,130.7909677
"17/08/2012",3.545,198.1001057
"17/08/2012",3.552,130.7909677
"17/08/2012",3.571,213.4226959
"17/08/2012",3.571,220.7199609
"17/08/2012",3.571,221.6751459
"17/08/2012",3.571,222.0384109
"17/08/2012",3.571,222.6276753
"17/08/2012",3.571,223.6510224
"17/08/2012",3.571,225.5558664
"17/08/2012",3.571,225.6050797
"17/08/2012",3.571,225.7995323
"17/08/2012",3.807,142.2157385
"17/08/2012",3.807,191.2284919
"17/08/2012",3.807,214.825578
"17/08/2012",3.84,138.1857097
"17/08/2012",3.84,142.2157385
"17/08/2012",3.963,138.1857097
"17/08/2012",3.963,142.2157385
"17/08/2012",4.002,130.7909677
"24/08/2012",3.558,198.0984199
"24/08/2012",3.574,220.8526787
"24/08/2012",3.582,130.8381613
"24/08/2012",3.61,130.8381613
"24/08/2012",3.62,213.5481636
"24/08/2012",3.62,220.8526787
"24/08/2012",3.62,221.8083518
"24/08/2012",3.62,222.1719457
"24/08/2012",3.62,222.7617437
"24/08/2012",3.62,223.7860175
"24/08/2012",3.62,225.6925864
"24/08/2012",3.62,225.7418442
"24/08/2012",3.62,225.9364729
"24/08/2012",3.834,142.3105933
"24/08/2012",3.834,191.3448865
"24/08/2012",3.834,214.9567044
"24/08/2012",3.874,138.2814516
"24/08/2012",3.874,142.3105933
"24/08/2012",3.997,138.2814516
"24/08/2012",3.997,142.3105933
"24/08/2012",4.055,130.8381613
"31/08/2012",3.556,198.0967341
"31/08/2012",3.608,220.9853964
"31/08/2012",3.624,130.8853548
"31/08/2012",3.638,213.6736313
"31/08/2012",3.638,220.9853964
"31/08/2012",3.638,221.9415576
"31/08/2012",3.638,222.3054805
"31/08/2012",3.638,222.8958121
"31/08/2012",3.638,223.9210125
"31/08/2012",3.638,225.8293063
"31/08/2012",3.638,225.8786088
"31/08/2012",3.638,226.0734135
"31/08/2012",3.646,130.8853548
"31/08/2012",3.867,142.4054482
"31/08/2012",3.867,191.461281
"31/08/2012",3.867,215.0878309
"31/08/2012",3.884,138.3771935
"31/08/2012",3.884,142.4054482
"31/08/2012",3.886,130.8853548
"31/08/2012",4.026,138.3771935
"31/08/2012",4.026,142.4054482
"31/08/2012",4.093,130.8853548
"07/09/2012",3.596,198.0950484
"07/09/2012",3.689,130.9325484
"07/09/2012",3.697,221.1181142
"07/09/2012",3.709,130.9325484
"07/09/2012",3.73,213.7990991
"07/09/2012",3.73,221.1181142
"07/09/2012",3.73,222.0747635
"07/09/2012",3.73,222.4390153
"07/09/2012",3.73,223.0298805
"07/09/2012",3.73,224.0560076
"07/09/2012",3.73,225.9660263
"07/09/2012",3.73,226.0153733
"07/09/2012",3.73,226.2103541
"07/09/2012",3.911,142.500303
"07/09/2012",3.911,191.5776756
"07/09/2012",3.911,215.2189573
"07/09/2012",3.921,138.4729355
"07/09/2012",3.921,142.500303
"07/09/2012",4.076,138.4729355
"07/09/2012",4.076,142.500303
"07/09/2012",4.124,130.9325484
"14/09/2012",3.659,198.1267184
"14/09/2012",3.692,221.2601207
"14/09/2012",3.706,130.9776667
"14/09/2012",3.717,213.9332167
"14/09/2012",3.717,221.2601207
"14/09/2012",3.717,222.2174395
"14/09/2012",3.717,222.5820193
"14/09/2012",3.717,223.1734167
"14/09/2012",3.717,224.2004678
"14/09/2012",3.717,226.1122067
"14/09/2012",3.717,226.1615981
"14/09/2012",3.717,226.3567545
"14/09/2012",3.749,130.9776667
"14/09/2012",3.948,142.5938833
"14/09/2012",3.948,191.69985
"14/09/2012",3.948,215.3583757
"14/09/2012",3.966,130.9776667
"14/09/2012",3.988,138.5673
"14/09/2012",3.988,142.5938833
"14/09/2012",4.088,138.5673
"14/09/2012",4.088,142.5938833
"14/09/2012",4.133,130.9776667
"21/09/2012",3.709,221.4578604
"21/09/2012",3.721,131.0103333
"21/09/2012",3.721,214.1192333
"21/09/2012",3.721,221.4578604
"21/09/2012",3.721,222.4169362
"21/09/2012",3.721,222.7818386
"21/09/2012",3.721,223.3737593
"21/09/2012",3.721,224.4017192
"21/09/2012",3.721,226.3151496
"21/09/2012",3.721,226.3645848
"21/09/2012",3.721,226.5599138
"21/09/2012",3.765,198.358523
"21/09/2012",3.821,131.0103333
"21/09/2012",4.038,142.6798167
"21/09/2012",4.038,191.8567038
"21/09/2012",4.038,215.5475459
"21/09/2012",4.056,138.6534
"21/09/2012",4.056,142.6798167
"21/09/2012",4.125,131.0103333
"21/09/2012",4.203,138.6534
"21/09/2012",4.203,142.6798167
"28/09/2012",3.66,221.6556
"28/09/2012",3.666,131.043
"28/09/2012",3.666,214.30525
"28/09/2012",3.666,221.6556
"28/09/2012",3.666,222.6164329
"28/09/2012",3.666,222.9816579
"28/09/2012",3.666,223.5741019
"28/09/2012",3.666,224.6029706
"28/09/2012",3.666,226.5180926
"28/09/2012",3.666,226.5675714
"28/09/2012",3.666,226.7630732
"28/09/2012",3.789,198.5903276
"28/09/2012",3.821,131.043
"28/09/2012",3.966,131.043
"28/09/2012",3.997,142.76575
"28/09/2012",3.997,192.0135577
"28/09/2012",3.997,215.7367162
"28/09/2012",4.018,138.7395
"28/09/2012",4.018,142.76575
"28/09/2012",4.158,138.7395
"28/09/2012",4.158,142.76575
"05/10/2012",3.611,221.8533396
"05/10/2012",3.617,214.4912667
"05/10/2012",3.617,221.8533396
"05/10/2012",3.617,222.8159296
"05/10/2012",3.617,223.1814772
"05/10/2012",3.617,223.7744444
"05/10/2012",3.617,224.804222
"05/10/2012",3.617,226.7210356
"05/10/2012",3.617,226.7705581
"05/10/2012",3.617,226.9662325
"05/10/2012",3.62,131.0756667
"05/10/2012",3.779,198.8221322
"05/10/2012",3.815,131.0756667
"05/10/2012",3.966,131.0756667
"05/10/2012",3.985,142.8516833
"05/10/2012",3.985,192.1704115
"05/10/2012",3.985,215.9258865
"05/10/2012",4.027,138.8256
"05/10/2012",4.027,142.8516833
"05/10/2012",4.132,131.0756667
"05/10/2012",4.151,138.8256
"05/10/2012",4.151,142.8516833
"12/10/2012",3.576,222.0510793
"12/10/2012",3.601,214.6772833
"12/10/2012",3.601,222.0510793
"12/10/2012",3.601,223.0154263
"12/10/2012",3.601,223.3812965
"12/10/2012",3.601,223.974787
"12/10/2012",3.601,225.0054733
"12/10/2012",3.601,226.9239785
"12/10/2012",3.601,226.9735448
"12/10/2012",3.601,227.1693919
"12/10/2012",3.603,131.1083333
"12/10/2012",3.76,199.0539368
"12/10/2012",3.797,131.1083333
"12/10/2012",4.0,142.9376167
"12/10/2012",4.0,192.3272654
"12/10/2012",4.0,216.1150568
"12/10/2012",4.029,138.9117
"12/10/2012",4.029,142.9376167
"12/10/2012",4.186,138.9117
"12/10/2012",4.186,142.9376167
"12/10/2012",4.468,131.1083333
"19/10/2012",3.57,222.0951719
"19/10/2012",3.594,214.7212488
"19/10/2012",3.594,222.0951719
"19/10/2012",3.594,223.0598077
"19/10/2012",3.594,223.4257233
"19/10/2012",3.594,224.0192873
"19/10/2012",3.594,225.0501013
"19/10/2012",3.594,226.9688442
"19/10/2012",3.594,227.0184166
"19/10/2012",3.594,227.214288
"19/10/2012",3.61,131.1499677
"19/10/2012",3.75,199.1481963
"19/10/2012",3.781,131.1499677
"19/10/2012",3.969,142.8633629
"19/10/2012",3.969,192.3308542
"19/10/2012",3.969,216.1464699
"19/10/2012",4.0,138.8336129
"19/10/2012",4.0,142.8633629
"19/10/2012",4.153,138.8336129
"19/10/2012",4.153,142.8633629
"19/10/2012",4.449,131.1499677
"26/10/2012",3.494,222.1136566
"26/10/2012",3.506,214.7415392
"26/10/2012",3.506,222.1136566
"26/10/2012",3.506,223.0783366
"26/10/2012",3.506,223.4442513
"26/10/2012",3.506,224.0378139
"26/10/2012",3.506,225.0686254
"26/10/2012",3.506,226.9873637
"26/10/2012",3.506,227.0369359
"26/10/2012",3.506,227.2328068
"26/10/2012",3.514,131.1930968
"26/10/2012",3.686,199.2195317
"26/10/2012",3.755,131.1930968
"26/10/2012",3.882,142.7624113
"26/10/2012",3.882,192.3088989
"26/10/2012",3.882,216.1515902
"26/10/2012",3.917,138.7281613
"26/10/2012",3.917,142.7624113
"26/10/2012",4.071,138.7281613
"26/10/2012",4.071,142.7624113
"26/10/2012",4.301,131.1930968
"02/11/2012",3.386,214.7618295
"02/11/2012",3.386,222.1321414
"02/11/2012",3.386,223.0968655
"02/11/2012",3.386,223.4627793
"02/11/2012",3.386,224.0563405
"02/11/2012",3.386,225.0871495
"02/11/2012",3.386,227.0058832
"02/11/2012",3.386,227.0554553
"02/11/2012",3.386,227.2513257
"02/11/2012",3.388,222.1321414
"02/11/2012",3.404,131.2362258
"02/11/2012",3.604,199.2908671
"02/11/2012",3.702,131.2362258
"02/11/2012",3.787,142.6614597
"02/11/2012",3.787,192.2869435
"02/11/2012",3.787,216.1567105
"02/11/2012",3.817,138.6227097
"02/11/2012",3.817,142.6614597
"02/11/2012",3.97,138.6227097
"02/11/2012",3.97,142.6614597
"02/11/2012",4.099,131.2362258
"09/11/2012",3.313,222.1506262
"09/11/2012",3.314,214.7821198
"09/11/2012",3.314,222.1506262
"09/11/2012",3.314,223.1153944
"09/11/2012",3.314,223.4813073
"09/11/2012",3.314,224.0748671
"09/11/2012",3.314,225.1056736
"09/11/2012",3.314,227.0244026
"09/11/2012",3.314,227.0739747
"09/11/2012",3.314,227.2698446
"09/11/2012",3.337,131.2793548
"09/11/2012",3.545,199.3622024
"09/11/2012",3.663,131.2793548
"09/11/2012",3.771,142.5605081
"09/11/2012",3.771,192.2649882
"09/11/2012",3.771,216.1618309
"09/11/2012",3.78,131.2793548
"09/11/2012",3.792,138.5172581
"09/11/2012",3.792,142.5605081
"09/11/2012",3.947,138.5172581
"09/11/2012",3.947,142.5605081
"09/11/2012",3.951,131.2793548
"16/11/2012",3.243,222.1817339
"16/11/2012",3.252,214.8142357
"16/11/2012",3.252,222.1817339
"16/11/2012",3.252,223.1469028
"16/11/2012",3.252,223.5129105
"16/11/2012",3.252,224.1066241
"16/11/2012",3.252,225.1376976
"16/11/2012",3.252,227.0569237
"16/11/2012",3.252,227.1065086
"16/11/2012",3.252,227.3024293
"16/11/2012",3.271,131.3258
"16/11/2012",3.479,199.4313603
"16/11/2012",3.612,131.3258
"16/11/2012",3.703,131.3258
"16/11/2012",3.75,142.4928071
"16/11/2012",3.75,192.2616192
"16/11/2012",3.75,216.1829378
"16/11/2012",3.754,138.4473
"16/11/2012",3.754,142.4928071
"16/11/2012",3.834,131.3258
"16/11/2012",3.942,138.4473
"16/11/2012",3.942,142.4928071
"23/11/2012",3.21,222.2296722
"23/11/2012",3.211,214.862119
"23/11/2012",3.211,222.2296722
"23/11/2012",3.211,223.1957173
"23/11/2012",3.211,223.5619474
"23/11/2012",3.211,224.1560216
"23/11/2012",3.211,225.1877216
"23/11/2012",3.211,227.1081136
"23/11/2012",3.211,227.1577286
"23/11/2012",3.211,227.3537683
"23/11/2012",3.233,131.3766667
"23/11/2012",3.45,199.4976149
"23/11/2012",3.562,131.3766667
"23/11/2012",3.727,138.4246667
"23/11/2012",3.727,142.4694405
"23/11/2012",3.748,142.4694405
"23/11/2012",3.748,192.2830321
"23/11/2012",3.748,216.2253604
"23/11/2012",3.759,131.3766667
"23/11/2012",3.978,138.4246667
"23/11/2012",3.978,142.4694405
"30/11/2012",3.207,214.9100024
"30/11/2012",3.207,222.2776106
"30/11/2012",3.207,223.2445318
"30/11/2012",3.207,223.6109842
"30/11/2012",3.207,224.2054191
"30/11/2012",3.207,225.2377455
"30/11/2012",3.207,227.1593035
"30/11/2012",3.207,227.2089486
"30/11/2012",3.207,227.4051073
"30/11/2012",3.212,222.2776106
"30/11/2012",3.24,131.4275333
"30/11/2012",3.436,199.5638695
"30/11/2012",3.524,131.4275333
"30/11/2012",3.581,131.4275333
"30/11/2012",3.713,138.4020333
"30/11/2012",3.713,142.4460738
"30/11/2012",3.719,131.4275333
"30/11/2012",3.729,142.4460738
"30/11/2012",3.729,192.3044449
"30/11/2012",3.729,216.2677829
"30/11/2012",3.966,138.4020333
"30/11/2012",3.966,142.4460738
"07/12/2012",3.198,214.9578857
"07/12/2012",3.198,222.3255489
"07/12/2012",3.198,223.2933463
"07/12/2012",3.198,223.6600211
"07/12/2012",3.198,224.2548167
"07/12/2012",3.198,225.2877694
"07/12/2012",3.198,227.2104933
"07/12/2012",3.198,227.2601686
"07/12/2012",3.198,227.4564463
"07/12/2012",3.204,222.3255489
"07/12/2012",3.227,131.4784
"07/12/2012",3.373,199.6301241
"07/12/2012",3.456,131.4784
"07/12/2012",3.668,131.4784
"07/12/2012",3.679,138.3794
"07/12/2012",3.679,142.4227071
"07/12/2012",3.688,142.4227071
"07/12/2012",3.688,192.3258577
"07/12/2012",3.688,216.3102054
"07/12/2012",3.92,138.3794
"07/12/2012",3.92,142.4227071
"14/12/2012",3.168,215.0159101
"14/12/2012",3.168,222.3838038
"14/12/2012",3.168,223.3523969
"14/12/2012",3.168,223.7192767
"14/12/2012",3.168,224.314405
"14/12/2012",3.168,225.3479355
"14/12/2012",3.168,227.2717348
"14/12/2012",3.168,227.3214378
"14/12/2012",3.168,227.5178253
"14/12/2012",3.176,222.3838038
"14/12/2012",3.193,131.537
"14/12/2012",3.303,199.7190578
"14/12/2012",3.379,131.537
"14/12/2012",3.467,131.537
"14/12/2012",3.597,131.537
"14/12/2012",3.637,142.411735
"14/12/2012",3.637,192.3585484
"14/12/2012",3.637,216.3629276
"14/12/2012",3.639,138.3685484
"14/12/2012",3.639,142.411735
"14/12/2012",3.869,138.3685484
"14/12/2012",3.869,142.411735
"21/12/2012",3.092,222.5039579
"21/12/2012",3.098,215.1347811
"21/12/2012",3.098,222.5039579
"21/12/2012",3.098,223.4728642
"21/12/2012",3.098,223.8398455
"21/12/2012",3.098,224.4351383
"21/12/2012",3.098,225.4689545
"21/12/2012",3.098,227.3932855
"21/12/2012",3.098,227.4430023
"21/12/2012",3.098,227.6394441
"21/12/2012",3.112,131.642
"21/12/2012",3.218,199.9440662
"21/12/2012",3.263,131.642
"21/12/2012",3.393,131.642
"21/12/2012",3.574,138.4283871
"21/12/2012",3.574,142.4751302
"21/12/2012",3.577,142.4751302
"21/12/2012",3.577,192.4589063
"21/12/2012",3.577,216.4774481
"21/12/2012",3.816,138.4283871
"21/12/2012",3.816,142.4751302
"28/12/2012",3.108,200.1690745
"28/12/2012",3.108,215.2536521
"28/12/2012",3.108,222.624112
"28/12/2012",3.108,223.5933316
"28/12/2012",3.108,223.9604143
"28/12/2012",3.108,224.5558716
"28/12/2012",3.108,225.5899734
"28/12/2012",3.108,227.5148363
"28/12/2012",3.108,227.5645668
"28/12/2012",3.108,227.7610629
"28/12/2012",3.12,222.624112
"28/12/2012",3.125,131.747
"28/12/2012",3.147,131.747
"28/12/2012",3.48,131.747
"28/12/2012",3.56,138.4882258
"28/12/2012",3.56,142.5385253
"28/12/2012",3.563,142.5385253
"28/12/2012",3.563,192.5592643
"28/12/2012",3.563,216.5919686
"28/12/2012",3.785,138.4882258
"28/12/2012",3.785,142.5385253
"04/01/2013",3.034,200.3940829
"04/01/2013",3.066,131.852
"04/01/2013",3.161,215.372523
"04/01/2013",3.161,222.7442661
"04/01/2013",3.161,223.7137989
"04/01/2013",3.161,224.080983
"04/01/2013",3.161,224.6766048
"04/01/2013",3.161,225.7109924
"04/01/2013",3.161,227.6363871
"04/01/2013",3.161,227.6861313
"04/01/2013",3.161,227.8826817
"04/01/2013",3.162,222.7442661
"04/01/2013",3.177,131.852
"04/01/2013",3.339,131.852
"04/01/2013",3.51,131.852
"04/01/2013",3.577,138.5480645
"04/01/2013",3.577,142.6019205
"04/01/2013",3.592,142.6019205
"04/01/2013",3.592,192.6596222
"04/01/2013",3.592,216.7064891
"04/01/2013",3.794,138.5480645
"04/01/2013",3.794,142.6019205
"11/01/2013",2.957,200.6190912
"11/01/2013",2.982,131.957
"11/01/2013",3.235,131.957
"11/01/2013",3.243,215.491394
"11/01/2013",3.243,222.8644203
"11/01/2013",3.243,223.8342663
"11/01/2013",3.243,224.2015518
"11/01/2013",3.243,224.7973381
"11/01/2013",3.243,225.8320114
"11/01/2013",3.243,227.7579379
"11/01/2013",3.243,227.8076959
"11/01/2013",3.243,228.0043006
"11/01/2013",3.256,222.8644203
"11/01/2013",3.542,131.957
"11/01/2013",3.595,138.6079032
"11/01/2013",3.595,142.6653157
"11/01/2013",3.611,142.6653157
"11/01/2013",3.611,192.7599801
"11/01/2013",3.611,216.8210096
"11/01/2013",3.802,138.6079032
"11/01/2013",3.802,142.6653157
"18/01/2013",2.889,200.7382625
"18/01/2013",2.914,132.030871
"18/01/2013",3.232,132.030871
"18/01/2013",3.237,215.5301728
"18/01/2013",3.237,222.9006165
"18/01/2013",3.237,223.86882
"18/01/2013",3.237,224.2358132
"18/01/2013",3.237,224.8311254
"18/01/2013",3.237,225.8649753
"18/01/2013",3.237,227.7893692
"18/01/2013",3.237,227.8390876
"18/01/2013",3.237,228.0355358
"18/01/2013",3.258,222.9006165
"18/01/2013",3.545,132.030871
"18/01/2013",3.593,138.6701613
"18/01/2013",3.593,142.7320173
"18/01/2013",3.605,142.7320173
"18/01/2013",3.605,192.8095068
"18/01/2013",3.605,216.8568073
"18/01/2013",3.798,138.6701613
"18/01/2013",3.798,142.7320173
"25/01/2013",2.872,200.815099
"25/01/2013",2.927,132.0922903
"25/01/2013",3.22,132.0922903
"25/01/2013",3.227,215.5369147
"25/01/2013",3.227,222.9032296
"25/01/2013",3.227,223.8690083
"25/01/2013",3.227,224.2355518
"25/01/2013",3.227,224.8301344
"25/01/2013",3.227,225.8627173
"25/01/2013",3.227,227.7847527
"25/01/2013",3.227,227.8344101
"25/01/2013",3.227,228.0306176
"25/01/2013",3.239,222.9032296
"25/01/2013",3.337,132.0922903
"25/01/2013",3.558,132.0922903
"25/01/2013",3.579,138.7333871
"25/01/2013",3.579,142.8000415
"25/01/2013",3.583,142.8000415
"25/01/2013",3.583,192.838701
"25/01/2013",3.583,216.861116
"25/01/2013",3.78,138.7333871
"25/01/2013",3.78,142.8000415
"01/02/2013",2.998,200.8919355
"01/02/2013",3.029,132.1537097
"01/02/2013",3.232,132.1537097
"01/02/2013",3.238,222.9058427
"01/02/2013",3.244,215.5436567
"01/02/2013",3.244,222.9058427
"01/02/2013",3.244,223.8691966
"01/02/2013",3.244,224.2352903
"01/02/2013",3.244,224.8291434
"01/02/2013",3.244,225.8604592
"01/02/2013",3.244,227.7801362
"01/02/2013",3.244,227.8297327
"01/02/2013",3.244,228.0256994
"01/02/2013",3.6,132.1537097
"01/02/2013",3.608,138.7966129
"01/02/2013",3.608,142.8680657
"01/02/2013",3.615,142.8680657
"01/02/2013",3.615,192.8678952
"01/02/2013",3.615,216.8654246
"01/02/2013",3.806,138.7966129
"01/02/2013",3.806,142.8680657
"08/02/2013",3.192,132.215129
"08/02/2013",3.214,200.968772
"08/02/2013",3.401,132.215129
"08/02/2013",3.417,215.5503986
"08/02/2013",3.417,222.9084557
"08/02/2013",3.417,223.8693849
"08/02/2013",3.417,224.2350289
"08/02/2013",3.417,224.8281523
"08/02/2013",3.417,225.8582011
"08/02/2013",3.417,227.7755197
"08/02/2013",3.417,227.8250553
"08/02/2013",3.417,228.0207813
"08/02/2013",3.419,222.9084557
"08/02/2013",3.753,142.9360899
"08/02/2013",3.753,192.8970893
"08/02/2013",3.753,216.8697332
"08/02/2013",3.755,138.8598387
"08/02/2013",3.755,142.9360899
"08/02/2013",3.795,132.215129
"08/02/2013",3.945,138.8598387
"08/02/2013",3.945,142.9360899
"15/02/2013",3.323,132.2725714
"15/02/2013",3.391,201.040053
"15/02/2013",3.451,132.2725714
"15/02/2013",3.461,222.9512794
"15/02/2013",3.475,215.5941122
"15/02/2013",3.475,222.9512794
"15/02/2013",3.475,223.9106714
"15/02/2013",3.475,224.2760526
"15/02/2013",3.475,224.86875
"15/02/2013",3.475,225.8980588
"15/02/2013",3.475,227.814
"15/02/2013",3.475,227.8635
"15/02/2013",3.475,228.0590854
"15/02/2013",3.612,132.2725714
"15/02/2013",3.807,138.9004286
"15/02/2013",3.807,142.9815995
"15/02/2013",3.814,142.9815995
"15/02/2013",3.814,192.9434712
"15/02/2013",3.814,216.9093707
"15/02/2013",3.924,132.2725714
"15/02/2013",4.006,138.9004286
"15/02/2013",4.006,142.9815995
"22/02/2013",3.459,132.3200714
"22/02/2013",3.563,201.0974452
"22/02/2013",3.597,215.7302551
"22/02/2013",3.597,223.0946294
"22/02/2013",3.597,224.0547032
"22/02/2013",3.597,224.4202895
"22/02/2013",3.597,225.0133194
"22/02/2013",3.597,226.0432059
"22/02/2013",3.597,227.9602222
"22/02/2013",3.597,228.00975
"22/02/2013",3.597,228.2054451
"22/02/2013",3.602,132.3200714
"22/02/2013",3.625,223.0946294
"22/02/2013",3.859,142.9708227
"22/02/2013",3.859,193.0328221
"22/02/2013",3.859,217.0373301
"22/02/2013",3.866,138.8844286
"22/02/2013",3.866,142.9708227
"22/02/2013",4.031,132.3200714
"22/02/2013",4.045,138.8844286
"22/02/2013",4.045,142.9708227
"01/03/2013",3.521,132.3675714
"01/03/2013",3.638,201.1548374
"01/03/2013",3.694,132.3675714
"01/03/2013",3.695,223.2379794
"01/03/2013",3.711,215.866398
"01/03/2013",3.711,223.2379794
"01/03/2013",3.711,224.198735
"01/03/2013",3.711,224.5645263
"01/03/2013",3.711,225.1578889
"01/03/2013",3.711,226.1883529
"01/03/2013",3.711,228.1064444
"01/03/2013",3.711,228.156
"01/03/2013",3.711,228.3518049
"01/03/2013",3.83,132.3675714
"01/03/2013",3.885,138.8684286
"01/03/2013",3.885,142.9600459
"01/03/2013",3.89,142.9600459
"01/03/2013",3.89,193.1221731
"01/03/2013",3.89,217.1652896
"01/03/2013",4.079,138.8684286
"01/03/2013",4.079,142.9600459
"01/03/2013",4.109,132.3675714
"08/03/2013",3.526,132.4150714
"08/03/2013",3.624,201.2122297
"08/03/2013",3.642,223.3813294
"08/03/2013",3.647,132.4150714
"08/03/2013",3.658,216.0025408
"08/03/2013",3.658,223.3813294
"08/03/2013",3.658,224.3427668
"08/03/2013",3.658,224.7087632
"08/03/2013",3.658,225.3024583
"08/03/2013",3.658,226.3335
"08/03/2013",3.658,228.2526667
"08/03/2013",3.658,228.30225
"08/03/2013",3.658,228.4981646
"08/03/2013",3.86,142.9492691
"08/03/2013",3.86,193.211524
"08/03/2013",3.86,217.293249
"08/03/2013",3.868,138.8524286
"08/03/2013",3.868,142.9492691
"08/03/2013",3.874,132.4150714
"08/03/2013",4.045,138.8524286
"08/03/2013",4.045,142.9492691
"08/03/2013",4.125,132.4150714
"15/03/2013",3.518,132.4668065
"15/03/2013",3.593,223.5072315
"15/03/2013",3.607,201.2410473
"15/03/2013",3.611,132.4668065
"15/03/2013",3.622,216.1226705
"15/03/2013",3.622,223.5072315
"15/03/2013",3.622,224.469439
"15/03/2013",3.622,224.8356808
"15/03/2013",3.622,225.4297742
"15/03/2013",3.622,226.4615074
"15/03/2013",3.622,228.3819613
"15/03/2013",3.622,228.4315779
"15/03/2013",3.622,228.6276239
"15/03/2013",3.834,142.9601382
"15/03/2013",3.834,193.2962767
"15/03/2013",3.834,217.4084917
"15/03/2013",3.843,138.8597742
"15/03/2013",3.843,142.9601382
"15/03/2013",3.885,132.4668065
"15/03/2013",4.029,138.8597742
"15/03/2013",4.029,142.9601382
"15/03/2013",4.104,132.4668065
"22/03/2013",3.518,132.529129
"22/03/2013",3.593,132.529129
"22/03/2013",3.609,201.1984283
"22/03/2013",3.611,216.2027673
"22/03/2013",3.611,223.5895142
"22/03/2013",3.611,224.5527121
"22/03/2013",3.611,224.9193005
"22/03/2013",3.611,225.5139561
"22/03/2013",3.611,226.5466657
"22/03/2013",3.611,228.4689369
"22/03/2013",3.611,228.5186005
"22/03/2013",3.611,228.714832
"22/03/2013",3.615,223.5895142
"22/03/2013",3.8,143.0251221
"22/03/2013",3.8,193.3695335
"22/03/2013",3.8,217.4919425
"22/03/2013",3.819,138.9254839
"22/03/2013",3.819,143.0251221
"22/03/2013",3.999,138.9254839
"22/03/2013",3.999,143.0251221
"22/03/2013",4.062,132.529129
"29/03/2013",3.518,132.5914516
"29/03/2013",3.575,132.5914516
"29/03/2013",3.593,223.6717968
"29/03/2013",3.605,201.1558092
"29/03/2013",3.606,216.2828641
"29/03/2013",3.606,223.6717968
"29/03/2013",3.606,224.6359852
"29/03/2013",3.606,225.0029202
"29/03/2013",3.606,225.598138
"29/03/2013",3.606,226.6318239
"29/03/2013",3.606,228.5559125
"29/03/2013",3.606,228.605623
"29/03/2013",3.606,228.8020401
"29/03/2013",3.784,143.090106
"29/03/2013",3.784,193.4427903
"29/03/2013",3.784,217.5753932
"29/03/2013",3.796,138.9911935
"29/03/2013",3.796,143.090106
"29/03/2013",3.983,138.9911935
"29/03/2013",3.983,143.090106
"29/03/2013",4.016,132.5914516
"05/04/2013",3.547,132.6537742
"05/04/2013",3.552,132.6537742
"05/04/2013",3.583,216.3629608
"05/04/2013",3.583,223.7540794
"05/04/2013",3.583,224.7192583
"05/04/2013",3.583,225.0865399
"05/04/2013",3.583,225.6823199
"05/04/2013",3.583,226.7169822
"05/04/2013",3.583,228.6428882
"05/04/2013",3.583,228.6926456
"05/04/2013",3.583,228.8892482
"05/04/2013",3.589,223.7540794
"05/04/2013",3.633,201.1131902
"05/04/2013",3.763,143.1550899
"05/04/2013",3.763,193.5160471
"05/04/2013",3.763,217.6588439
"05/04/2013",3.772,139.0569032
"05/04/2013",3.772,143.1550899
"05/04/2013",3.808,132.6537742
"05/04/2013",3.954,139.0569032
"05/04/2013",3.954,143.1550899
"05/04/2013",3.998,132.6537742
"12/04/2013",3.504,132.7160968
"12/04/2013",3.529,216.4430576
"12/04/2013",3.529,223.836362
"12/04/2013",3.529,224.8025314
"12/04/2013",3.529,225.1701596
"12/04/2013",3.529,225.7665018
"12/04/2013",3.529,226.8021404
"12/04/2013",3.529,228.7298638
"12/04/2013",3.529,228.7796682
"12/04/2013",3.529,228.9764563
"12/04/2013",3.539,223.836362
"12/04/2013",3.576,132.7160968
"12/04/2013",3.642,201.0705712
"12/04/2013",3.723,139.1226129
"12/04/2013",3.723,143.2200737
"12/04/2013",3.724,143.2200737
"12/04/2013",3.724,193.589304
"12/04/2013",3.724,217.7422947
"12/04/2013",3.797,132.7160968
"12/04/2013",3.914,139.1226129
"12/04/2013",3.914,143.2200737
"12/04/2013",3.981,132.7160968
"19/04/2013",3.436,132.7160968
"19/04/2013",3.451,216.4430576
"19/04/2013",3.451,223.836362
"19/04/2013",3.451,224.8025314
"19/04/2013",3.451,225.1701596
"19/04/2013",3.451,225.7665018
"19/04/2013",3.451,226.8021404
"19/04/2013",3.451,228.7298638
"19/04/2013",3.451,228.7796682
"19/04/2013",3.451,228.9764563
"19/04/2013",3.487,223.836362
"19/04/2013",3.559,132.7160968
"19/04/2013",3.603,201.0705712
"19/04/2013",3.676,143.2200737
"19/04/2013",3.676,193.589304
"19/04/2013",3.676,217.7422947
"19/04/2013",3.678,139.1226129
"19/04/2013",3.678,143.2200737
"19/04/2013",3.76,132.7160968
"19/04/2013",3.876,139.1226129
"19/04/2013",3.876,143.2200737
"19/04/2013",3.941,132.7160968
"26/04/2013",3.397,132.7160968
"26/04/2013",3.417,216.4430576
"26/04/2013",3.417,223.836362
"26/04/2013",3.417,224.8025314
"26/04/2013",3.417,225.1701596
"26/04/2013",3.417,225.7665018
"26/04/2013",3.417,226.8021404
"26/04/2013",3.417,228.7298638
"26/04/2013",3.417,228.7796682
"26/04/2013",3.417,228.9764563
"26/04/2013",3.455,223.836362
"26/04/2013",3.541,132.7160968
"26/04/2013",3.568,201.0705712
"26/04/2013",3.615,143.2200737
"26/04/2013",3.615,193.589304
"26/04/2013",3.615,217.7422947
"26/04/2013",3.626,139.1226129
"26/04/2013",3.626,143.2200737
"26/04/2013",3.806,139.1226129
"26/04/2013",3.806,143.2200737
"26/04/2013",3.889,132.7160968
"03/05/2013",3.369,NA
"03/05/2013",3.386,NA
"03/05/2013",3.431,NA
"03/05/2013",3.535,NA
"03/05/2013",3.573,NA
"03/05/2013",3.592,NA
"03/05/2013",3.601,NA
"03/05/2013",3.671,NA
"03/05/2013",3.775,NA
"10/05/2013",3.371,NA
"10/05/2013",3.392,NA
"10/05/2013",3.417,NA
"10/05/2013",3.543,NA
"10/05/2013",3.583,NA
"10/05/2013",3.603,NA
"10/05/2013",3.609,NA
"10/05/2013",3.689,NA
"10/05/2013",3.762,NA
"17/05/2013",3.437,NA
"17/05/2013",3.454,NA
"17/05/2013",3.462,NA
"17/05/2013",3.609,NA
"17/05/2013",3.614,NA
"17/05/2013",3.63,NA
"17/05/2013",3.703,NA
"17/05/2013",3.79,NA
"17/05/2013",3.809,NA
"24/05/2013",3.453,NA
"24/05/2013",3.462,NA
"24/05/2013",3.494,NA
"24/05/2013",3.627,NA
"24/05/2013",3.654,NA
"24/05/2013",3.72,NA
"24/05/2013",3.793,NA
"24/05/2013",3.835,NA
"24/05/2013",3.884,NA
"31/05/2013",3.437,NA
"31/05/2013",3.438,NA
"31/05/2013",3.466,NA
"31/05/2013",3.646,NA
"31/05/2013",3.668,NA
"31/05/2013",3.773,NA
"31/05/2013",3.808,NA
"31/05/2013",3.829,NA
"31/05/2013",3.87,NA
"07/06/2013",3.413,NA
"07/06/2013",3.415,NA
"07/06/2013",3.439,NA
"07/06/2013",3.633,NA
"07/06/2013",3.66,NA
"07/06/2013",3.779,NA
"07/06/2013",3.789,NA
"07/06/2013",3.792,NA
"07/06/2013",3.825,NA
"14/06/2013",3.412,NA
"14/06/2013",3.415,NA
"14/06/2013",3.431,NA
"14/06/2013",3.632,NA
"14/06/2013",3.667,NA
"14/06/2013",3.771,NA
"14/06/2013",3.795,NA
"14/06/2013",3.797,NA
"21/06/2013",3.428,NA
"21/06/2013",3.453,NA
"21/06/2013",3.479,NA
"21/06/2013",3.626,NA
"21/06/2013",3.673,NA
"21/06/2013",3.736,NA
"21/06/2013",3.74,NA
"21/06/2013",3.766,NA
"21/06/2013",3.793,NA
"28/06/2013",3.428,NA
"28/06/2013",3.452,NA
"28/06/2013",3.495,NA
"28/06/2013",3.639,NA
"28/06/2013",3.673,NA
"28/06/2013",3.691,NA
"28/06/2013",3.726,NA
"28/06/2013",3.781,NA
"28/06/2013",3.8,NA
"05/07/2013",3.385,NA
"05/07/2013",3.387,NA
"05/07/2013",3.422,NA
"05/07/2013",3.614,NA
"05/07/2013",3.637,NA
"05/07/2013",3.643,NA
"05/07/2013",3.696,NA
"05/07/2013",3.753,NA
"05/07/2013",3.778,NA
"12/07/2013",3.368,NA
"12/07/2013",3.373,NA
"12/07/2013",3.4,NA
"12/07/2013",3.583,NA
"12/07/2013",3.614,NA
"12/07/2013",3.645,NA
"12/07/2013",3.666,NA
"12/07/2013",3.737,NA
"12/07/2013",3.791,NA
"19/07/2013",3.507,NA
"19/07/2013",3.518,NA
"19/07/2013",3.556,NA
"19/07/2013",3.585,NA
"19/07/2013",3.665,NA
"19/07/2013",3.737,NA
"19/07/2013",3.803,NA
"19/07/2013",3.823,NA
"19/07/2013",3.913,NA
"26/07/2013",3.58,NA
"26/07/2013",3.582,NA
"26/07/2013",3.587,NA
"26/07/2013",3.62,NA
"26/07/2013",3.669,NA
"26/07/2013",3.804,NA
"26/07/2013",3.865,NA
"26/07/2013",3.879,NA
"26/07/2013",3.951,NA
